n_F35,n_V22,n_AV8B,n_SH60,perc,w_fuel,w_veh
0,0,0,36,-0.415004081,1195.101414,289.8
0,0,0,37,-0.317466077,1228.298676,297.85
0,0,0,38,-0.219928072,1261.495937,305.9
0,0,0,39,-0.122390068,1294.693199,313.95
0,0,0,40,-0.024852063,1327.89046,322
0,0,0,41,0.072685941,1361.087722,330.05
0,0,0,42,0.170223946,1394.284983,338.1
0,0,0,43,0.26776195,1427.482245,346.15
0,0,0,44,0.365299955,1460.679506,354.2
0,0,0,45,0.462837959,1493.876768,362.25
0,0,1,32,-0.494396279,1186.987724,264.34
0,0,1,33,-0.396858274,1220.184986,272.39
0,0,1,34,-0.29932027,1253.382247,280.44
0,0,1,35,-0.201782265,1286.579509,288.49
0,0,1,36,-0.104244261,1319.77677,296.54
0,0,1,37,-0.006706256,1352.974032,304.59
0,0,1,38,0.090831748,1386.171293,312.64
0,0,1,39,0.188369753,1419.368555,320.69
0,0,1,40,0.285907757,1452.565816,328.74
0,0,1,41,0.383445762,1485.763078,336.79
0,0,1,42,0.480983766,1518.960339,344.84
0,0,2,29,-0.476250472,1212.071296,246.93
0,0,2,30,-0.378712467,1245.268557,254.98
0,0,2,31,-0.281174463,1278.465819,263.03
0,0,2,32,-0.183636458,1311.66308,271.08
0,0,2,33,-0.086098454,1344.860342,279.13
0,0,2,34,0.011439551,1378.057603,287.18
0,0,2,35,0.108977555,1411.254865,295.23
0,0,2,36,0.20651556,1444.452126,303.28
0,0,2,37,0.304053564,1477.649388,311.33
0,0,2,38,0.401591569,1510.846649,319.38
0,0,2,39,0.499129573,1544.043911,327.43
0,0,3,26,-0.458104665,1237.154867,229.52
0,0,3,27,-0.36056666,1270.352129,237.57
0,0,3,28,-0.263028656,1303.54939,245.62
0,0,3,29,-0.165490651,1336.746651,253.67
0,0,3,30,-0.067952647,1369.943913,261.72
0,0,3,31,0.029585358,1403.141175,269.77
0,0,3,32,0.127123362,1436.338436,277.82
0,0,3,33,0.224661367,1469.535698,285.87
0,0,3,34,0.322199371,1502.732959,293.92
0,0,3,35,0.419737376,1535.930221,301.97
0,0,4,23,-0.439958858,1262.238439,212.11
0,0,4,24,-0.342420853,1295.4357,220.16
0,0,4,25,-0.244882848,1328.632962,228.21
0,0,4,26,-0.147344844,1361.830223,236.26
0,0,4,27,-0.049806839,1395.027485,244.31
0,0,4,28,0.047731165,1428.224746,252.36
0,0,4,29,0.14526917,1461.422008,260.41
0,0,4,30,0.242807174,1494.619269,268.46
0,0,4,31,0.340345179,1527.816531,276.51
0,0,4,32,0.437883183,1561.013792,284.56
0,0,5,20,-0.42181305,1287.32201,194.7
0,0,5,21,-0.324275046,1320.519272,202.75
0,0,5,22,-0.226737041,1353.716533,210.8
0,0,5,23,-0.129199037,1386.913795,218.85
0,0,5,24,-0.031661032,1420.111056,226.9
0,0,5,25,0.065876972,1453.308318,234.95
0,0,5,26,0.163414977,1486.505579,243
0,0,5,27,0.260952981,1519.70284,251.05
0,0,5,28,0.358490986,1552.900102,259.1
0,0,5,29,0.45602899,1586.097364,267.15
0,0,6,17,-0.403667243,1312.405582,177.29
0,0,6,18,-0.306129239,1345.602843,185.34
0,0,6,19,-0.208591234,1378.800105,193.39
0,0,6,20,-0.11105323,1411.997366,201.44
0,0,6,21,-0.013515225,1445.194628,209.49
0,0,6,22,0.084022779,1478.391889,217.54
0,0,6,23,0.181560784,1511.589151,225.59
0,0,6,24,0.279098788,1544.786412,233.64
0,0,6,25,0.376636793,1577.983674,241.69
0,0,6,26,0.474174797,1611.180935,249.74
0,0,7,13,-0.483059441,1304.291892,151.83
0,0,7,14,-0.385521436,1337.489153,159.88
0,0,7,15,-0.287983432,1370.686414,167.93
0,0,7,16,-0.190445427,1403.883676,175.98
0,0,7,17,-0.092907423,1437.080938,184.03
0,0,7,18,0.004630582,1470.278199,192.08
0,0,7,19,0.102168586,1503.475461,200.13
0,0,7,20,0.199706591,1536.672722,208.18
0,0,7,21,0.297244595,1569.869984,216.23
0,0,7,22,0.3947826,1603.067245,224.28
0,0,7,23,0.492320604,1636.264507,232.33
0,0,8,10,-0.464913634,1329.375463,134.42
0,0,8,11,-0.367375629,1362.572725,142.47
0,0,8,12,-0.269837625,1395.769986,150.52
0,0,8,13,-0.17229962,1428.967248,158.57
0,0,8,14,-0.074761615,1462.164509,166.62
0,0,8,15,0.022776389,1495.361771,174.67
0,0,8,16,0.120314394,1528.559032,182.72
0,0,8,17,0.217852398,1561.756294,190.77
0,0,8,18,0.315390403,1594.953555,198.82
0,0,8,19,0.412928407,1628.150817,206.87
0,0,9,7,-0.446767826,1354.459035,117.01
0,0,9,8,-0.349229822,1387.656296,125.06
0,0,9,9,-0.251691817,1420.853558,133.11
0,0,9,10,-0.154153813,1454.050819,141.16
0,0,9,11,-0.056615808,1487.248081,149.21
0,0,9,12,0.040922196,1520.445342,157.26
0,0,9,13,0.138460201,1553.642604,165.31
0,0,9,14,0.235998205,1586.839865,173.36
0,0,9,15,0.33353621,1620.037127,181.41
0,0,9,16,0.431074214,1653.234388,189.46
0,0,10,4,-0.428622019,1379.542606,99.6
0,0,10,5,-0.331084015,1412.739868,107.65
0,0,10,6,-0.23354601,1445.937129,115.7
0,0,10,7,-0.136008006,1479.134391,123.75
0,0,10,8,-0.038470001,1512.331652,131.8
0,0,10,9,0.059068003,1545.528914,139.85
0,0,10,10,0.156606008,1578.726175,147.9
0,0,10,11,0.254144012,1611.923437,155.95
0,0,10,12,0.351682017,1645.120698,164
0,0,10,13,0.449220021,1678.31796,172.05
0,0,11,1,-0.410476212,1404.626178,82.19
0,0,11,2,-0.312938208,1437.823439,90.24
0,0,11,3,-0.215400203,1471.020701,98.29
0,0,11,4,-0.117862199,1504.217962,106.34
0,0,11,5,-0.020324194,1537.415224,114.39
0,0,11,6,0.07721381,1570.612485,122.44
0,0,11,7,0.174751815,1603.809747,130.49
0,0,11,8,0.272289819,1637.007008,138.54
0,0,11,9,0.369827824,1670.20427,146.59
0,0,11,10,0.467365828,1703.401531,154.64
0,0,12,0,-0.197254396,1496.104272,80.88
0,0,12,1,-0.099716391,1529.301534,88.93
0,0,12,2,-0.002178387,1562.498795,96.98
0,0,12,3,0.095359618,1595.696057,105.03
0,0,12,4,0.192897622,1628.893318,113.08
0,0,12,5,0.290435627,1662.09058,121.13
0,0,12,6,0.387973631,1695.287841,129.18
0,0,12,7,0.485511636,1728.485103,137.23
0,0,13,0,0.113505425,1620.779628,87.62
0,0,13,1,0.211043429,1653.97689,95.67
0,0,13,2,0.308581434,1687.174151,103.72
0,0,13,3,0.406119438,1720.371413,111.77
0,0,14,0,0.424265245,1745.454984,94.36
0,1,0,31,-0.499951383,1184.39856,264.58
0,1,0,32,-0.402413378,1217.595821,272.63
0,1,0,33,-0.304875374,1250.793083,280.68
0,1,0,34,-0.207337369,1283.990344,288.73
0,1,0,35,-0.109799365,1317.187606,296.78
0,1,0,36,-0.01226136,1350.384867,304.83
0,1,0,37,0.085276644,1383.582129,312.88
0,1,0,38,0.182814649,1416.77939,320.93
0,1,0,39,0.280352653,1449.976652,328.98
0,1,0,40,0.377890658,1483.173913,337.03
0,1,0,41,0.475428662,1516.371175,345.08
0,1,1,28,-0.481805576,1209.482131,247.17
0,1,1,29,-0.384267571,1242.679393,255.22
0,1,1,30,-0.286729567,1275.876654,263.27
0,1,1,31,-0.189191562,1309.073916,271.32
0,1,1,32,-0.091653557,1342.271177,279.37
0,1,1,33,0.005884447,1375.468439,287.42
0,1,1,34,0.103422452,1408.6657,295.47
0,1,1,35,0.200960456,1441.862962,303.52
0,1,1,36,0.298498461,1475.060223,311.57
0,1,1,37,0.396036465,1508.257485,319.62
0,1,1,38,0.49357447,1541.454746,327.67
0,1,2,25,-0.463659768,1234.565703,229.76
0,1,2,26,-0.366121764,1267.762964,237.81
0,1,2,27,-0.268583759,1300.960226,245.86
0,1,2,28,-0.171045755,1334.157487,253.91
0,1,2,29,-0.07350775,1367.354749,261.96
0,1,2,30,0.024030254,1400.55201,270.01
0,1,2,31,0.121568259,1433.749271,278.06
0,1,2,32,0.219106263,1466.946533,286.11
0,1,2,33,0.316644268,1500.143795,294.16
0,1,2,34,0.414182272,1533.341056,302.21
0,1,3,22,-0.445513961,1259.649274,212.35
0,1,3,23,-0.347975957,1292.846536,220.4
0,1,3,24,-0.250437952,1326.043797,228.45
0,1,3,25,-0.152899948,1359.241059,236.5
0,1,3,26,-0.055361943,1392.43832,244.55
0,1,3,27,0.042176061,1425.635582,252.6
0,1,3,28,0.139714066,1458.832843,260.65
0,1,3,29,0.23725207,1492.030105,268.7
0,1,3,30,0.334790075,1525.227366,276.75
0,1,3,31,0.432328079,1558.424628,284.8
0,1,4,19,-0.427368154,1284.732846,194.94
0,1,4,20,-0.32983015,1317.930107,202.99
0,1,4,21,-0.232292145,1351.127368,211.04
0,1,4,22,-0.134754141,1384.32463,219.09
0,1,4,23,-0.037216136,1417.521892,227.14
0,1,4,24,0.060321868,1450.719153,235.19
0,1,4,25,0.157859873,1483.916415,243.24
0,1,4,26,0.255397877,1517.113676,251.29
0,1,4,27,0.352935882,1550.310938,259.34
0,1,4,28,0.450473886,1583.508199,267.39
0,1,5,16,-0.409222347,1309.816417,177.53
0,1,5,17,-0.311684343,1343.013679,185.58
0,1,5,18,-0.214146338,1376.21094,193.63
0,1,5,19,-0.116608333,1409.408202,201.68
0,1,5,20,-0.019070329,1442.605463,209.73
0,1,5,21,0.078467676,1475.802725,217.78
0,1,5,22,0.17600568,1508.999986,225.83
0,1,5,23,0.273543685,1542.197248,233.88
0,1,5,24,0.371081689,1575.394509,241.93
0,1,5,25,0.468619694,1608.591771,249.98
0,1,6,12,-0.488614544,1301.702727,152.07
0,1,6,13,-0.39107654,1334.899989,160.12
0,1,6,14,-0.293538535,1368.09725,168.17
0,1,6,15,-0.196000531,1401.294512,176.22
0,1,6,16,-0.098462526,1434.491773,184.27
0,1,6,17,-0.000924522,1467.689035,192.32
0,1,6,18,0.096613483,1500.886296,200.37
0,1,6,19,0.194151487,1534.083558,208.42
0,1,6,20,0.291689492,1567.280819,216.47
0,1,6,21,0.389227496,1600.478081,224.52
0,1,6,22,0.486765501,1633.675342,232.57
0,1,7,9,-0.470468737,1326.786299,134.66
0,1,7,10,-0.372930733,1359.98356,142.71
0,1,7,11,-0.275392728,1393.180821,150.76
0,1,7,12,-0.177854724,1426.378083,158.81
0,1,7,13,-0.080316719,1459.575345,166.86
0,1,7,14,0.017221285,1492.772606,174.91
0,1,7,15,0.11475929,1525.969868,182.96
0,1,7,16,0.212297294,1559.167129,191.01
0,1,7,17,0.309835299,1592.364391,199.06
0,1,7,18,0.407373303,1625.561652,207.11
0,1,8,6,-0.45232293,1351.86987,117.25
0,1,8,7,-0.354784926,1385.067132,125.3
0,1,8,8,-0.257246921,1418.264393,133.35
0,1,8,9,-0.159708917,1451.461655,141.4
0,1,8,10,-0.062170912,1484.658916,149.45
0,1,8,11,0.035367092,1517.856178,157.5
0,1,8,12,0.132905097,1551.053439,165.55
0,1,8,13,0.230443101,1584.250701,173.6
0,1,8,14,0.327981106,1617.447962,181.65
0,1,8,15,0.42551911,1650.645224,189.7
0,1,9,3,-0.434177123,1376.953442,99.84
0,1,9,4,-0.336639119,1410.150703,107.89
0,1,9,5,-0.239101114,1443.347965,115.94
0,1,9,6,-0.14156311,1476.545226,123.99
0,1,9,7,-0.044025105,1509.742488,132.04
0,1,9,8,0.0535129,1542.939749,140.09
0,1,9,9,0.151050904,1576.137011,148.14
0,1,9,10,0.248588909,1609.334272,156.19
0,1,9,11,0.346126913,1642.531534,164.24
0,1,9,12,0.443664918,1675.728795,172.29
0,1,10,0,-0.416031316,1402.037013,82.43
0,1,10,1,-0.318493311,1435.234275,90.48
0,1,10,2,-0.220955307,1468.431536,98.53
0,1,10,3,-0.123417302,1501.628798,106.58
0,1,10,4,-0.025879298,1534.826059,114.63
0,1,10,5,0.071658707,1568.023321,122.68
0,1,10,6,0.169196711,1601.220582,130.73
0,1,10,7,0.266734716,1634.417844,138.78
0,1,10,8,0.36427272,1667.615105,146.83
0,1,10,9,0.461810725,1700.812367,154.88
0,1,11,0,-0.105271495,1526.712369,89.17
0,1,11,1,-0.007733491,1559.909631,97.22
0,1,11,2,0.089804514,1593.106892,105.27
0,1,11,3,0.187342518,1626.304154,113.32
0,1,11,4,0.284880523,1659.501415,121.37
0,1,11,5,0.382418527,1692.698677,129.42
0,1,11,6,0.479956532,1725.895938,137.47
0,1,12,0,0.205488325,1651.387725,95.91
0,1,12,1,0.30302633,1684.584987,103.96
0,1,12,2,0.400564334,1717.782248,112.01
0,1,12,3,0.498102339,1750.97951,120.06
0,2,0,27,-0.487360679,1206.892967,247.41
0,2,0,28,-0.389822675,1240.090228,255.46
0,2,0,29,-0.29228467,1273.28749,263.51
0,2,0,30,-0.194746666,1306.484751,271.56
0,2,0,31,-0.097208661,1339.682013,279.61
0,2,0,32,0.000329343,1372.879274,287.66
0,2,0,33,0.097867348,1406.076536,295.71
0,2,0,34,0.195405352,1439.273797,303.76
0,2,0,35,0.292943357,1472.471059,311.81
0,2,0,36,0.390481361,1505.66832,319.86
0,2,0,37,0.488019366,1538.865582,327.91
0,2,1,24,-0.469214872,1231.976538,230
0,2,1,25,-0.371676868,1265.1738,238.05
0,2,1,26,-0.274138863,1298.371061,246.1
0,2,1,27,-0.176600859,1331.568323,254.15
0,2,1,28,-0.079062854,1364.765584,262.2
0,2,1,29,0.01847515,1397.962846,270.25
0,2,1,30,0.116013155,1431.160107,278.3
0,2,1,31,0.213551159,1464.357369,286.35
0,2,1,32,0.311089164,1497.55463,294.4
0,2,1,33,0.408627168,1530.751892,302.45
0,2,2,21,-0.451069065,1257.06011,212.59
0,2,2,22,-0.353531061,1290.257371,220.64
0,2,2,23,-0.255993056,1323.454633,228.69
0,2,2,24,-0.158455052,1356.651894,236.74
0,2,2,25,-0.060917047,1389.849156,244.79
0,2,2,26,0.036620958,1423.046417,252.84
0,2,2,27,0.134158962,1456.243679,260.89
0,2,2,28,0.231696967,1489.44094,268.94
0,2,2,29,0.329234971,1522.638202,276.99
0,2,2,30,0.426772976,1555.835463,285.04
0,2,3,18,-0.432923258,1282.143681,195.18
0,2,3,19,-0.335385253,1315.340943,203.23
0,2,3,20,-0.237847249,1348.538204,211.28
0,2,3,21,-0.140309244,1381.735466,219.33
0,2,3,22,-0.04277124,1414.932727,227.38
0,2,3,23,0.054766765,1448.129989,235.43
0,2,3,24,0.152304769,1481.32725,243.48
0,2,3,25,0.249842774,1514.524512,251.53
0,2,3,26,0.347380778,1547.721773,259.58
0,2,3,27,0.444918783,1580.919035,267.63
0,2,4,15,-0.414777451,1307.227253,177.77
0,2,4,16,-0.317239446,1340.424514,185.82
0,2,4,17,-0.219701442,1373.621776,193.87
0,2,4,18,-0.122163437,1406.819037,201.92
0,2,4,19,-0.024625433,1440.016299,209.97
0,2,4,20,0.072912572,1473.21356,218.02
0,2,4,21,0.170450576,1506.410821,226.07
0,2,4,22,0.267988581,1539.608083,234.12
0,2,4,23,0.365526585,1572.805345,242.17
0,2,4,24,0.46306459,1606.002606,250.22
0,2,5,11,-0.494169648,1299.113563,152.31
0,2,5,12,-0.396631644,1332.310824,160.36
0,2,5,13,-0.299093639,1365.508086,168.41
0,2,5,14,-0.201555635,1398.705347,176.46
0,2,5,15,-0.10401763,1431.902609,184.51
0,2,5,16,-0.006479626,1465.09987,192.56
0,2,5,17,0.091058379,1498.297132,200.61
0,2,5,18,0.188596383,1531.494393,208.66
0,2,5,19,0.286134388,1564.691655,216.71
0,2,5,20,0.383672392,1597.888916,224.76
0,2,5,21,0.481210397,1631.086178,232.81
0,2,6,8,-0.476023841,1324.197134,134.9
0,2,6,9,-0.378485837,1357.394396,142.95
0,2,6,10,-0.280947832,1390.591657,151
0,2,6,11,-0.183409828,1423.788919,159.05
0,2,6,12,-0.085871823,1456.98618,167.1
0,2,6,13,0.011666182,1490.183442,175.15
0,2,6,14,0.109204186,1523.380703,183.2
0,2,6,15,0.206742191,1556.577965,191.25
0,2,6,16,0.304280195,1589.775226,199.3
0,2,6,17,0.4018182,1622.972488,207.35
0,2,6,18,0.499356204,1656.169749,215.4
0,2,7,5,-0.457878034,1349.280705,117.49
0,2,7,6,-0.360340029,1382.477967,125.54
0,2,7,7,-0.262802025,1415.675229,133.59
0,2,7,8,-0.16526402,1448.87249,141.64
0,2,7,9,-0.067726016,1482.069752,149.69
0,2,7,10,0.029811989,1515.267013,157.74
0,2,7,11,0.127349993,1548.464274,165.79
0,2,7,12,0.224887998,1581.661536,173.84
0,2,7,13,0.322426002,1614.858797,181.89
0,2,7,14,0.419964007,1648.056059,189.94
0,2,8,2,-0.439732227,1374.364277,100.08
0,2,8,3,-0.342194222,1407.561539,108.13
0,2,8,4,-0.244656218,1440.7588,116.18
0,2,8,5,-0.147118213,1473.956062,124.23
0,2,8,6,-0.049580209,1507.153323,132.28
0,2,8,7,0.047957796,1540.350585,140.33
0,2,8,8,0.1454958,1573.547846,148.38
0,2,8,9,0.243033805,1606.745108,156.43
0,2,8,10,0.340571809,1639.942369,164.48
0,2,8,11,0.438109814,1673.139631,172.53
0,2,9,0,-0.324048415,1432.64511,90.72
0,2,9,1,-0.226510411,1465.842372,98.77
0,2,9,2,-0.128972406,1499.039633,106.82
0,2,9,3,-0.031434402,1532.236895,114.87
0,2,9,4,0.066103603,1565.434156,122.92
0,2,9,5,0.163641607,1598.631418,130.97
0,2,9,6,0.261179612,1631.828679,139.02
0,2,9,7,0.358717616,1665.025941,147.07
0,2,9,8,0.456255621,1698.223202,155.12
0,2,10,0,-0.013288595,1557.320466,97.46
0,2,10,1,0.08424941,1590.517728,105.51
0,2,10,2,0.181787415,1623.714989,113.56
0,2,10,3,0.279325419,1656.912251,121.61
0,2,10,4,0.376863424,1690.109512,129.66
0,2,10,5,0.474401428,1723.306774,137.71
0,2,11,0,0.297471226,1681.995822,104.2
0,2,11,1,0.395009231,1715.193084,112.25
0,2,11,2,0.492547235,1748.390345,120.3
0,3,0,23,-0.474769976,1229.387374,230.24
0,3,0,24,-0.377231971,1262.584635,238.29
0,3,0,25,-0.279693967,1295.781897,246.34
0,3,0,26,-0.182155962,1328.979158,254.39
0,3,0,27,-0.084617958,1362.17642,262.44
0,3,0,28,0.012920047,1395.373681,270.49
0,3,0,29,0.110458051,1428.570943,278.54
0,3,0,30,0.207996056,1461.768204,286.59
0,3,0,31,0.30553406,1494.965466,294.64
0,3,0,32,0.403072065,1528.162727,302.69
0,3,1,20,-0.456624169,1254.470945,212.83
0,3,1,21,-0.359086164,1287.668207,220.88
0,3,1,22,-0.26154816,1320.865468,228.93
0,3,1,23,-0.164010155,1354.06273,236.98
0,3,1,24,-0.066472151,1387.259991,245.03
0,3,1,25,0.031065854,1420.457253,253.08
0,3,1,26,0.128603858,1453.654514,261.13
0,3,1,27,0.226141863,1486.851776,269.18
0,3,1,28,0.323679867,1520.049037,277.23
0,3,1,29,0.421217872,1553.246299,285.28
0,3,2,17,-0.438478362,1279.554517,195.42
0,3,2,18,-0.340940357,1312.751778,203.47
0,3,2,19,-0.243402353,1345.94904,211.52
0,3,2,20,-0.145864348,1379.146301,219.57
0,3,2,21,-0.048326344,1412.343563,227.62
0,3,2,22,0.049211661,1445.540824,235.67
0,3,2,23,0.146749665,1478.738086,243.72
0,3,2,24,0.24428767,1511.935347,251.77
0,3,2,25,0.341825674,1545.132609,259.82
0,3,2,26,0.439363679,1578.32987,267.87
0,3,3,14,-0.420332555,1304.638088,178.01
0,3,3,15,-0.32279455,1337.83535,186.06
0,3,3,16,-0.225256546,1371.032611,194.11
0,3,3,17,-0.127718541,1404.229873,202.16
0,3,3,18,-0.030180537,1437.427134,210.21
0,3,3,19,0.067357468,1470.624396,218.26
0,3,3,20,0.164895473,1503.821657,226.31
0,3,3,21,0.262433477,1537.018919,234.36
0,3,3,22,0.359971482,1570.21618,242.41
0,3,3,23,0.457509486,1603.413442,250.46
0,3,4,10,-0.499724752,1296.524398,152.55
0,3,4,11,-0.402186747,1329.72166,160.6
0,3,4,12,-0.304648743,1362.918921,168.65
0,3,4,13,-0.207110738,1396.116183,176.7
0,3,4,14,-0.109572734,1429.313444,184.75
0,3,4,15,-0.012034729,1462.510706,192.8
0,3,4,16,0.085503275,1495.707967,200.85
0,3,4,17,0.18304128,1528.905229,208.9
0,3,4,18,0.280579284,1562.10249,216.95
0,3,4,19,0.378117289,1595.299752,225
0,3,4,20,0.475655293,1628.497013,233.05
0,3,5,7,-0.481578945,1321.60797,135.14
0,3,5,8,-0.38404094,1354.805231,143.19
0,3,5,9,-0.286502936,1388.002493,151.24
0,3,5,10,-0.188964931,1421.199754,159.29
0,3,5,11,-0.091426927,1454.397016,167.34
0,3,5,12,0.006111078,1487.594277,175.39
0,3,5,13,0.103649082,1520.791539,183.44
0,3,5,14,0.201187087,1553.9888,191.49
0,3,5,15,0.298725091,1587.186062,199.54
0,3,5,16,0.396263096,1620.383323,207.59
0,3,5,17,0.4938011,1653.580585,215.64
0,3,6,4,-0.463433138,1346.691541,117.73
0,3,6,5,-0.365895133,1379.888803,125.78
0,3,6,6,-0.268357129,1413.086064,133.83
0,3,6,7,-0.170819124,1446.283326,141.88
0,3,6,8,-0.07328112,1479.480587,149.93
0,3,6,9,0.024256885,1512.677849,157.98
0,3,6,10,0.121794889,1545.87511,166.03
0,3,6,11,0.219332894,1579.072372,174.08
0,3,6,12,0.316870898,1612.269633,182.13
0,3,6,13,0.414408903,1645.466895,190.18
0,3,7,1,-0.445287331,1371.775113,100.32
0,3,7,2,-0.347749326,1404.972374,108.37
0,3,7,3,-0.250211322,1438.169636,116.42
0,3,7,4,-0.152673317,1471.366897,124.47
0,3,7,5,-0.055135313,1504.564159,132.52
0,3,7,6,0.042402692,1537.76142,140.57
0,3,7,7,0.139940697,1570.958682,148.62
0,3,7,8,0.237478701,1604.155943,156.67
0,3,7,9,0.335016706,1637.353205,164.72
0,3,7,10,0.43255471,1670.550466,172.77
0,3,8,0,-0.232065514,1463.253207,99.01
0,3,8,1,-0.13452751,1496.450469,107.06
0,3,8,2,-0.036989505,1529.64773,115.11
0,3,8,3,0.060548499,1562.844992,123.16
0,3,8,4,0.158086504,1596.042253,131.21
0,3,8,5,0.255624508,1629.239515,139.26
0,3,8,6,0.353162513,1662.436776,147.31
0,3,8,7,0.450700517,1695.634038,155.36
0,3,9,0,0.078694306,1587.928563,105.75
0,3,9,1,0.176232311,1621.125825,113.8
0,3,9,2,0.273770315,1654.323086,121.85
0,3,9,3,0.37130832,1687.520348,129.9
0,3,9,4,0.468846324,1720.717609,137.95
0,3,10,0,0.389454127,1712.603919,112.49
0,3,10,1,0.486992131,1745.801181,120.54
0,4,0,19,-0.462179273,1251.881781,213.07
0,4,0,20,-0.364641268,1285.079042,221.12
0,4,0,21,-0.267103264,1318.276304,229.17
0,4,0,22,-0.169565259,1351.473565,237.22
0,4,0,23,-0.072027255,1384.670827,245.27
0,4,0,24,0.02551075,1417.868088,253.32
0,4,0,25,0.123048755,1451.06535,261.37
0,4,0,26,0.220586759,1484.262611,269.42
0,4,0,27,0.318124764,1517.459873,277.47
0,4,0,28,0.415662768,1550.657134,285.52
0,4,1,16,-0.444033465,1276.965352,195.66
0,4,1,17,-0.346495461,1310.162614,203.71
0,4,1,18,-0.248957456,1343.359875,211.76
0,4,1,19,-0.151419452,1376.557137,219.81
0,4,1,20,-0.053881447,1409.754398,227.86
0,4,1,21,0.043656557,1442.95166,235.91
0,4,1,22,0.141194562,1476.148921,243.96
0,4,1,23,0.238732566,1509.346183,252.01
0,4,1,24,0.336270571,1542.543444,260.06
0,4,1,25,0.433808575,1575.740706,268.11
0,4,2,13,-0.425887658,1302.048924,178.25
0,4,2,14,-0.328349654,1335.246185,186.3
0,4,2,15,-0.230811649,1368.443447,194.35
0,4,2,16,-0.133273645,1401.640708,202.4
0,4,2,17,-0.03573564,1434.83797,210.45
0,4,2,18,0.061802364,1468.035231,218.5
0,4,2,19,0.159340369,1501.232493,226.55
0,4,2,20,0.256878373,1534.429754,234.6
0,4,2,21,0.354416378,1567.627016,242.65
0,4,2,22,0.451954382,1600.824277,250.7
0,4,3,10,-0.407741851,1327.132495,160.84
0,4,3,11,-0.310203847,1360.329757,168.89
0,4,3,12,-0.212665842,1393.527018,176.94
0,4,3,13,-0.115127838,1426.72428,184.99
0,4,3,14,-0.017589833,1459.921541,193.04
0,4,3,15,0.079948171,1493.118803,201.09
0,4,3,16,0.177486176,1526.316064,209.14
0,4,3,17,0.27502418,1559.513326,217.19
0,4,3,18,0.372562185,1592.710587,225.24
0,4,3,19,0.470100189,1625.907849,233.29
0,4,4,6,-0.487134049,1319.018805,135.38
0,4,4,7,-0.389596044,1352.216067,143.43
0,4,4,8,-0.29205804,1385.413328,151.48
0,4,4,9,-0.194520035,1418.61059,159.53
0,4,4,10,-0.096982031,1451.807851,167.58
0,4,4,11,0.000555974,1485.005113,175.63
0,4,4,12,0.098093978,1518.202374,183.68
0,4,4,13,0.195631983,1551.399636,191.73
0,4,4,14,0.293169988,1584.596897,199.78
0,4,4,15,0.390707992,1617.794159,207.83
0,4,4,16,0.488245997,1650.99142,215.88
0,4,5,3,-0.468988241,1344.102377,117.97
0,4,5,4,-0.371450237,1377.299638,126.02
0,4,5,5,-0.273912232,1410.4969,134.07
0,4,5,6,-0.176374228,1443.694161,142.12
0,4,5,7,-0.078836223,1476.891423,150.17
0,4,5,8,0.018701781,1510.088684,158.22
0,4,5,9,0.116239786,1543.285946,166.27
0,4,5,10,0.21377779,1576.483207,174.32
0,4,5,11,0.311315795,1609.680469,182.37
0,4,5,12,0.408853799,1642.87773,190.42
0,4,6,0,-0.450842434,1369.185948,100.56
0,4,6,1,-0.35330443,1402.38321,108.61
0,4,6,2,-0.255766425,1435.580471,116.66
0,4,6,3,-0.158228421,1468.777733,124.71
0,4,6,4,-0.060690416,1501.974994,132.76
0,4,6,5,0.036847588,1535.172256,140.81
0,4,6,6,0.134385593,1568.369517,148.86
0,4,6,7,0.231923597,1601.566779,156.91
0,4,6,8,0.329461602,1634.76404,164.96
0,4,6,9,0.426999606,1667.961302,173.01
0,4,7,0,-0.140082614,1493.861304,107.3
0,4,7,1,-0.042544609,1527.058566,115.35
0,4,7,2,0.054993395,1560.255827,123.4
0,4,7,3,0.1525314,1593.453089,131.45
0,4,7,4,0.250069404,1626.65035,139.5
0,4,7,5,0.347607409,1659.847612,147.55
0,4,7,6,0.445145413,1693.044873,155.6
0,4,8,0,0.170677207,1618.53666,114.04
0,4,8,1,0.268215212,1651.733922,122.09
0,4,8,2,0.365753216,1684.931183,130.14
0,4,8,3,0.463291221,1718.128445,138.19
0,4,9,0,0.481437028,1743.212016,120.78
0,5,0,15,-0.449588569,1274.376188,195.9
0,5,0,16,-0.352050565,1307.573449,203.95
0,5,0,17,-0.25451256,1340.770711,212
0,5,0,18,-0.156974556,1373.967972,220.05
0,5,0,19,-0.059436551,1407.165233,228.1
0,5,0,20,0.038101453,1440.362495,236.15
0,5,0,21,0.135639458,1473.559757,244.2
0,5,0,22,0.233177462,1506.757018,252.25
0,5,0,23,0.330715467,1539.95428,260.3
0,5,0,24,0.428253471,1573.151541,268.35
0,5,1,12,-0.431442762,1299.459759,178.49
0,5,1,13,-0.333904758,1332.657021,186.54
0,5,1,14,-0.236366753,1365.854282,194.59
0,5,1,15,-0.138828749,1399.051544,202.64
0,5,1,16,-0.041290744,1432.248805,210.69
0,5,1,17,0.05624726,1465.446067,218.74
0,5,1,18,0.153785265,1498.643328,226.79
0,5,1,19,0.25132327,1531.84059,234.84
0,5,1,20,0.348861274,1565.037851,242.89
0,5,1,21,0.446399279,1598.235113,250.94
0,5,2,9,-0.413296955,1324.543331,161.08
0,5,2,10,-0.31575895,1357.740592,169.13
0,5,2,11,-0.218220946,1390.937854,177.18
0,5,2,12,-0.120682941,1424.135115,185.23
0,5,2,13,-0.023144937,1457.332377,193.28
0,5,2,14,0.074393068,1490.529638,201.33
0,5,2,15,0.171931072,1523.7269,209.38
0,5,2,16,0.269469077,1556.924161,217.43
0,5,2,17,0.367007081,1590.121423,225.48
0,5,2,18,0.464545086,1623.318684,233.53
0,5,3,5,-0.492689152,1316.429641,135.62
0,5,3,6,-0.395151148,1349.626902,143.67
0,5,3,7,-0.297613143,1382.824164,151.72
0,5,3,8,-0.200075139,1416.021425,159.77
0,5,3,9,-0.102537134,1449.218686,167.82
0,5,3,10,-0.00499913,1482.415948,175.87
0,5,3,11,0.092538875,1515.61321,183.92
0,5,3,12,0.190076879,1548.810471,191.97
0,5,3,13,0.287614884,1582.007733,200.02
0,5,3,14,0.385152888,1615.204994,208.07
0,5,3,15,0.482690893,1648.402256,216.12
0,5,4,2,-0.474543345,1341.513212,118.21
0,5,4,3,-0.377005341,1374.710474,126.26
0,5,4,4,-0.279467336,1407.907735,134.31
0,5,4,5,-0.181929332,1441.104997,142.36
0,5,4,6,-0.084391327,1474.302258,150.41
0,5,4,7,0.013146677,1507.49952,158.46
0,5,4,8,0.110684682,1540.696781,166.51
0,5,4,9,0.208222686,1573.894043,174.56
0,5,4,10,0.305760691,1607.091304,182.61
0,5,4,11,0.403298695,1640.288566,190.66
0,5,5,0,-0.358859534,1399.794045,108.85
0,5,5,1,-0.261321529,1432.991307,116.9
0,5,5,2,-0.163783525,1466.188568,124.95
0,5,5,3,-0.06624552,1499.38583,133
0,5,5,4,0.031292484,1532.583091,141.05
0,5,5,5,0.128830489,1565.780353,149.1
0,5,5,6,0.226368493,1598.977614,157.15
0,5,5,7,0.323906498,1632.174876,165.2
0,5,5,8,0.421444503,1665.372137,173.25
0,5,6,0,-0.048099713,1524.469401,115.59
0,5,6,1,0.049438292,1557.666663,123.64
0,5,6,2,0.146976296,1590.863924,131.69
0,5,6,3,0.244514301,1624.061186,139.74
0,5,6,4,0.342052305,1657.258447,147.79
0,5,6,5,0.43959031,1690.455709,155.84
0,5,7,0,0.262660108,1649.144757,122.33
0,5,7,1,0.360198112,1682.342019,130.38
0,5,7,2,0.457736117,1715.53928,138.43
0,6,0,11,-0.436997866,1296.870595,178.73
0,6,0,12,-0.339459861,1330.067856,186.78
0,6,0,13,-0.241921857,1363.265118,194.83
0,6,0,14,-0.144383852,1396.462379,202.88
0,6,0,15,-0.046845848,1429.659641,210.93
0,6,0,16,0.050692157,1462.856902,218.98
0,6,0,17,0.148230161,1496.054164,227.03
0,6,0,18,0.245768166,1529.251425,235.08
0,6,0,19,0.34330617,1562.448687,243.13
0,6,0,20,0.440844175,1595.645948,251.18
0,6,1,8,-0.418852059,1321.954166,161.32
0,6,1,9,-0.321314054,1355.151428,169.37
0,6,1,10,-0.22377605,1388.348689,177.42
0,6,1,11,-0.126238045,1421.545951,185.47
0,6,1,12,-0.028700041,1454.743212,193.52
0,6,1,13,0.068837964,1487.940474,201.57
0,6,1,14,0.166375968,1521.137735,209.62
0,6,1,15,0.263913973,1554.334997,217.67
0,6,1,16,0.361451977,1587.532258,225.72
0,6,1,17,0.458989982,1620.72952,233.77
0,6,2,4,-0.498244256,1313.840476,135.86
0,6,2,5,-0.400706252,1347.037738,143.91
0,6,2,6,-0.303168247,1380.234999,151.96
0,6,2,7,-0.205630243,1413.432261,160.01
0,6,2,8,-0.108092238,1446.629522,168.06
0,6,2,9,-0.010554234,1479.826784,176.11
0,6,2,10,0.086983771,1513.024045,184.16
0,6,2,11,0.184521775,1546.221307,192.21
0,6,2,12,0.28205978,1579.418568,200.26
0,6,2,13,0.379597784,1612.61583,208.31
0,6,2,14,0.477135789,1645.813091,216.36
0,6,3,1,-0.480098449,1338.924048,118.45
0,6,3,2,-0.382560444,1372.121309,126.5
0,6,3,3,-0.28502244,1405.318571,134.55
0,6,3,4,-0.187484435,1438.515832,142.6
0,6,3,5,-0.089946431,1471.713094,150.65
0,6,3,6,0.007591574,1504.910355,158.7
0,6,3,7,0.105129578,1538.107617,166.75
0,6,3,8,0.202667583,1571.304878,174.8
0,6,3,9,0.300205587,1604.50214,182.85
0,6,3,10,0.397743592,1637.699401,190.9
0,6,3,11,0.495281596,1670.896663,198.95
0,6,4,0,-0.266876633,1430.402142,117.14
0,6,4,1,-0.169338628,1463.599404,125.19
0,6,4,2,-0.071800624,1496.796665,133.24
0,6,4,3,0.025737381,1529.993927,141.29
0,6,4,4,0.123275385,1563.191188,149.34
0,6,4,5,0.22081339,1596.38845,157.39
0,6,4,6,0.318351394,1629.585711,165.44
0,6,4,7,0.415889399,1662.782973,173.49
0,6,5,0,0.043883188,1555.077498,123.88
0,6,5,1,0.141421192,1588.27476,131.93
0,6,5,2,0.238959197,1621.472021,139.98
0,6,5,3,0.336497201,1654.669283,148.03
0,6,5,4,0.434035206,1687.866544,156.08
0,6,6,0,0.354643008,1679.752854,130.62
0,6,6,1,0.452181013,1712.950116,138.67
0,7,0,7,-0.424407162,1319.365002,161.56
0,7,0,8,-0.326869158,1352.562263,169.61
0,7,0,9,-0.229331153,1385.759525,177.66
0,7,0,10,-0.131793149,1418.956786,185.71
0,7,0,11,-0.034255144,1452.154048,193.76
0,7,0,12,0.06328286,1485.351309,201.81
0,7,0,13,0.160820865,1518.548571,209.86
0,7,0,14,0.258358869,1551.745832,217.91
0,7,0,15,0.355896874,1584.943094,225.96
0,7,0,16,0.453434878,1618.140355,234.01
0,7,1,4,-0.406261355,1344.448573,144.15
0,7,1,5,-0.308723351,1377.645835,152.2
0,7,1,6,-0.211185346,1410.843096,160.25
0,7,1,7,-0.113647342,1444.040358,168.3
0,7,1,8,-0.016109337,1477.237619,176.35
0,7,1,9,0.081428667,1510.434881,184.4
0,7,1,10,0.178966672,1543.632142,192.45
0,7,1,11,0.276504676,1576.829404,200.5
0,7,1,12,0.374042681,1610.026665,208.55
0,7,1,13,0.471580685,1643.223927,216.6
0,7,2,0,-0.485653553,1336.334883,118.69
0,7,2,1,-0.388115548,1369.532145,126.74
0,7,2,2,-0.290577544,1402.729406,134.79
0,7,2,3,-0.193039539,1435.926668,142.84
0,7,2,4,-0.095501535,1469.123929,150.89
0,7,2,5,0.00203647,1502.321191,158.94
0,7,2,6,0.099574474,1535.518452,166.99
0,7,2,7,0.197112479,1568.715714,175.04
0,7,2,8,0.294650483,1601.912975,183.09
0,7,2,9,0.392188488,1635.110237,191.14
0,7,2,10,0.489726492,1668.307498,199.19
0,7,3,0,-0.174893732,1461.010239,125.43
0,7,3,1,-0.077355728,1494.207501,133.48
0,7,3,2,0.020182277,1527.404762,141.53
0,7,3,3,0.117720281,1560.602024,149.58
0,7,3,4,0.215258286,1593.799285,157.63
0,7,3,5,0.31279629,1626.996547,165.68
0,7,3,6,0.410334295,1660.193808,173.73
0,7,4,0,0.135866089,1585.685595,132.17
0,7,4,1,0.233404093,1618.882857,140.22
0,7,4,2,0.330942098,1652.080118,148.27
0,7,4,3,0.428480102,1685.27738,156.32
0,7,5,0,0.446625909,1710.360951,138.91
0,8,0,3,-0.411816459,1341.859409,144.39
0,8,0,4,-0.314278455,1375.05667,152.44
0,8,0,5,-0.21674045,1408.253932,160.49
0,8,0,6,-0.119202446,1441.451193,168.54
0,8,0,7,-0.021664441,1474.648455,176.59
0,8,0,8,0.075873563,1507.845716,184.64
0,8,0,9,0.173411568,1541.042978,192.69
0,8,0,10,0.270949572,1574.240239,200.74
0,8,0,11,0.368487577,1607.437501,208.79
0,8,0,12,0.466025581,1640.634762,216.84
0,8,1,0,-0.393670652,1366.94298,126.98
0,8,1,1,-0.296132647,1400.140242,135.03
0,8,1,2,-0.198594643,1433.337503,143.08
0,8,1,3,-0.101056638,1466.534765,151.13
0,8,1,4,-0.003518634,1499.732026,159.18
0,8,1,5,0.094019371,1532.929288,167.23
0,8,1,6,0.191557375,1566.126549,175.28
0,8,1,7,0.28909538,1599.323811,183.33
0,8,1,8,0.386633384,1632.521072,191.38
0,8,1,9,0.484171389,1665.718334,199.43
0,8,2,0,-0.082910831,1491.618336,133.72
0,8,2,1,0.014627173,1524.815598,141.77
0,8,2,2,0.112165178,1558.012859,149.82
0,8,2,3,0.209703182,1591.210121,157.87
0,8,2,4,0.307241187,1624.407382,165.92
0,8,2,5,0.404779191,1657.604644,173.97
0,8,3,0,0.227848989,1616.293692,140.46
0,8,3,1,0.325386994,1649.490954,148.51
0,8,3,2,0.422924998,1682.688215,156.56
0,9,0,0,-0.301687751,1397.551077,135.27
0,9,0,1,-0.204149747,1430.748339,143.32
0,9,0,2,-0.106611742,1463.9456,151.37
0,9,0,3,-0.009073738,1497.142862,159.42
0,9,0,4,0.088464267,1530.340123,167.47
0,9,0,5,0.186002271,1563.537385,175.52
0,9,0,6,0.283540276,1596.734646,183.57
0,9,0,7,0.38107828,1629.931908,191.62
0,9,0,8,0.478616285,1663.129169,199.67
0,9,1,0,0.009072069,1522.226433,142.01
0,9,1,1,0.106610074,1555.423695,150.06
0,9,1,2,0.204148078,1588.620956,158.11
0,9,1,3,0.301686083,1621.818218,166.16
0,9,1,4,0.399224087,1655.015479,174.21
0,9,1,5,0.496762092,1688.21274,182.26
0,9,2,0,0.31983189,1646.901789,148.75
0,9,2,1,0.417369895,1680.099051,156.8
0,10,0,0,0.10105497,1552.83453,150.3
0,10,0,1,0.198592975,1586.031792,158.35
0,10,0,2,0.296130979,1619.229053,166.4
0,10,0,3,0.393668984,1652.426315,174.45
0,10,0,4,0.491206988,1685.623576,182.5
0,10,1,0,0.411814791,1677.509886,157.04
1,0,0,28,-0.482947675,1217.469156,238.7
1,0,0,29,-0.38540967,1250.666417,246.75
1,0,0,30,-0.287871666,1283.863679,254.8
1,0,0,31,-0.190333661,1317.06094,262.85
1,0,0,32,-0.092795657,1350.258202,270.9
1,0,0,33,0.004742348,1383.455463,278.95
1,0,0,34,0.102280352,1416.652725,287
1,0,0,35,0.199818357,1449.849986,295.05
1,0,0,36,0.297356361,1483.047248,303.1
1,0,0,37,0.394894366,1516.244509,311.15
1,0,0,38,0.49243237,1549.441771,319.2
1,0,1,25,-0.464801868,1242.552727,221.29
1,0,1,26,-0.367263863,1275.749989,229.34
1,0,1,27,-0.269725859,1308.94725,237.39
1,0,1,28,-0.172187854,1342.144512,245.44
1,0,1,29,-0.07464985,1375.341773,253.49
1,0,1,30,0.022888155,1408.539035,261.54
1,0,1,31,0.120426159,1441.736296,269.59
1,0,1,32,0.217964164,1474.933558,277.64
1,0,1,33,0.315502168,1508.130819,285.69
1,0,1,34,0.413040173,1541.328081,293.74
1,0,2,22,-0.446656061,1267.636299,203.88
1,0,2,23,-0.349118056,1300.83356,211.93
1,0,2,24,-0.251580052,1334.030822,219.98
1,0,2,25,-0.154042047,1367.228083,228.03
1,0,2,26,-0.056504042,1400.425345,236.08
1,0,2,27,0.041033962,1433.622606,244.13
1,0,2,28,0.138571967,1466.819868,252.18
1,0,2,29,0.236109971,1500.017129,260.23
1,0,2,30,0.333647976,1533.214391,268.28
1,0,2,31,0.43118598,1566.411652,276.33
1,0,3,19,-0.428510253,1292.71987,186.47
1,0,3,20,-0.330972249,1325.917132,194.52
1,0,3,21,-0.233434244,1359.114393,202.57
1,0,3,22,-0.13589624,1392.311654,210.62
1,0,3,23,-0.038358235,1425.508916,218.67
1,0,3,24,0.059179769,1458.706178,226.72
1,0,3,25,0.156717774,1491.903439,234.77
1,0,3,26,0.254255778,1525.100701,242.82
1,0,3,27,0.351793783,1558.297962,250.87
1,0,3,28,0.449331787,1591.495224,258.92
1,0,4,16,-0.410364446,1317.803442,169.06
1,0,4,17,-0.312826442,1351.000703,177.11
1,0,4,18,-0.215288437,1384.197965,185.16
1,0,4,19,-0.117750433,1417.395226,193.21
1,0,4,20,-0.020212428,1450.592488,201.26
1,0,4,21,0.077325576,1483.789749,209.31
1,0,4,22,0.174863581,1516.987011,217.36
1,0,4,23,0.272401585,1550.184272,225.41
1,0,4,24,0.36993959,1583.381534,233.46
1,0,4,25,0.467477594,1616.578795,241.51
1,0,5,12,-0.489756644,1309.689751,143.6
1,0,5,13,-0.392218639,1342.887013,151.65
1,0,5,14,-0.294680635,1376.084275,159.7
1,0,5,15,-0.19714263,1409.281536,167.75
1,0,5,16,-0.099604626,1442.478798,175.8
1,0,5,17,-0.002066621,1475.676059,183.85
1,0,5,18,0.095471383,1508.873321,191.9
1,0,5,19,0.193009388,1542.070582,199.95
1,0,5,20,0.290547392,1575.267843,208
1,0,5,21,0.388085397,1608.465105,216.05
1,0,5,22,0.485623401,1641.662367,224.1
1,0,6,9,-0.471610837,1334.773323,126.19
1,0,6,10,-0.374072832,1367.970585,134.24
1,0,6,11,-0.276534828,1401.167846,142.29
1,0,6,12,-0.178996823,1434.365108,150.34
1,0,6,13,-0.081458818,1467.562369,158.39
1,0,6,14,0.016079186,1500.759631,166.44
1,0,6,15,0.113617191,1533.956892,174.49
1,0,6,16,0.211155195,1567.154154,182.54
1,0,6,17,0.3086932,1600.351415,190.59
1,0,6,18,0.406231204,1633.548677,198.64
1,0,7,6,-0.453465029,1359.856895,108.78
1,0,7,7,-0.355927025,1393.054156,116.83
1,0,7,8,-0.25838902,1426.251418,124.88
1,0,7,9,-0.160851016,1459.448679,132.93
1,0,7,10,-0.063313011,1492.64594,140.98
1,0,7,11,0.034224993,1525.843202,149.03
1,0,7,12,0.131762998,1559.040464,157.08
1,0,7,13,0.229301002,1592.237725,165.13
1,0,7,14,0.326839007,1625.434987,173.18
1,0,7,15,0.424377011,1658.632248,181.23
1,0,8,3,-0.435319222,1384.940466,91.37
1,0,8,4,-0.337781218,1418.137728,99.42
1,0,8,5,-0.240243213,1451.334989,107.47
1,0,8,6,-0.142705209,1484.532251,115.52
1,0,8,7,-0.045167204,1517.729512,123.57
1,0,8,8,0.0523708,1550.926774,131.62
1,0,8,9,0.149908805,1584.124035,139.67
1,0,8,10,0.247446809,1617.321297,147.72
1,0,8,11,0.344984814,1650.518558,155.77
1,0,8,12,0.442522818,1683.71582,163.82
1,0,9,0,-0.417173415,1410.024038,73.96
1,0,9,1,-0.319635411,1443.221299,82.01
1,0,9,2,-0.222097406,1476.418561,90.06
1,0,9,3,-0.124559402,1509.615822,98.11
1,0,9,4,-0.027021397,1542.813084,106.16
1,0,9,5,0.070516607,1576.010345,114.21
1,0,9,6,0.168054612,1609.207607,122.26
1,0,9,7,0.265592616,1642.404868,130.31
1,0,9,8,0.363130621,1675.60213,138.36
1,0,9,9,0.460668625,1708.799391,146.41
1,0,10,0,-0.106413595,1534.699394,80.7
1,0,10,1,-0.00887559,1567.896655,88.75
1,0,10,2,0.088662415,1601.093917,96.8
1,0,10,3,0.186200419,1634.291178,104.85
1,0,10,4,0.283738424,1667.48844,112.9
1,0,10,5,0.381276428,1700.685701,120.95
1,0,10,6,0.478814433,1733.882963,129
1,0,11,0,0.204346226,1659.37475,87.44
1,0,11,1,0.301884231,1692.572011,95.49
1,0,11,2,0.399422235,1725.769273,103.54
1,0,11,3,0.49696024,1758.966534,111.59
1,1,0,24,-0.470356971,1239.963563,221.53
1,1,0,25,-0.372818967,1273.160824,229.58
1,1,0,26,-0.275280962,1306.358086,237.63
1,1,0,27,-0.177742958,1339.555347,245.68
1,1,0,28,-0.080204953,1372.752609,253.73
1,1,0,29,0.017333051,1405.94987,261.78
1,1,0,30,0.114871056,1439.147132,269.83
1,1,0,31,0.21240906,1472.344393,277.88
1,1,0,32,0.309947065,1505.541655,285.93
1,1,0,33,0.407485069,1538.738916,293.98
1,1,1,21,-0.452211164,1265.047134,204.12
1,1,1,22,-0.35467316,1298.244395,212.17
1,1,1,23,-0.257135155,1331.441657,220.22
1,1,1,24,-0.159597151,1364.638919,228.27
1,1,1,25,-0.062059146,1397.83618,236.32
1,1,1,26,0.035478858,1431.033442,244.37
1,1,1,27,0.133016863,1464.230703,252.42
1,1,1,28,0.230554867,1497.427965,260.47
1,1,1,29,0.328092872,1530.625226,268.52
1,1,1,30,0.425630876,1563.822488,276.57
1,1,2,18,-0.434065357,1290.130706,186.71
1,1,2,19,-0.336527353,1323.327967,194.76
1,1,2,20,-0.238989348,1356.525229,202.81
1,1,2,21,-0.141451344,1389.72249,210.86
1,1,2,22,-0.043913339,1422.919751,218.91
1,1,2,23,0.053624665,1456.117013,226.96
1,1,2,24,0.15116267,1489.314275,235.01
1,1,2,25,0.248700674,1522.511536,243.06
1,1,2,26,0.346238679,1555.708798,251.11
1,1,2,27,0.443776683,1588.906059,259.16
1,1,3,15,-0.41591955,1315.214277,169.3
1,1,3,16,-0.318381546,1348.411539,177.35
1,1,3,17,-0.220843541,1381.6088,185.4
1,1,3,18,-0.123305537,1414.806062,193.45
1,1,3,19,-0.025767532,1448.003323,201.5
1,1,3,20,0.071770473,1481.200585,209.55
1,1,3,21,0.169308477,1514.397846,217.6
1,1,3,22,0.266846482,1547.595108,225.65
1,1,3,23,0.364384486,1580.792369,233.7
1,1,3,24,0.461922491,1613.989631,241.75
1,1,4,11,-0.495311747,1307.100587,143.84
1,1,4,12,-0.397773743,1340.297848,151.89
1,1,4,13,-0.300235738,1373.49511,159.94
1,1,4,14,-0.202697734,1406.692372,167.99
1,1,4,15,-0.105159729,1439.889633,176.04
1,1,4,16,-0.007621725,1473.086895,184.09
1,1,4,17,0.08991628,1506.284156,192.14
1,1,4,18,0.187454284,1539.481418,200.19
1,1,4,19,0.284992289,1572.678679,208.24
1,1,4,20,0.382530293,1605.87594,216.29
1,1,4,21,0.480068298,1639.073202,224.34
1,1,5,8,-0.47716594,1332.184159,126.43
1,1,5,9,-0.379627936,1365.38142,134.48
1,1,5,10,-0.282089931,1398.578682,142.53
1,1,5,11,-0.184551927,1431.775943,150.58
1,1,5,12,-0.087013922,1464.973205,158.63
1,1,5,13,0.010524082,1498.170466,166.68
1,1,5,14,0.108062087,1531.367728,174.73
1,1,5,15,0.205600091,1564.564989,182.78
1,1,5,16,0.303138096,1597.762251,190.83
1,1,5,17,0.4006761,1630.959512,198.88
1,1,5,18,0.498214105,1664.156774,206.93
1,1,6,5,-0.459020133,1357.26773,109.02
1,1,6,6,-0.361482129,1390.464992,117.07
1,1,6,7,-0.263944124,1423.662253,125.12
1,1,6,8,-0.16640612,1456.859515,133.17
1,1,6,9,-0.068868115,1490.056776,141.22
1,1,6,10,0.028669889,1523.254037,149.27
1,1,6,11,0.126207894,1556.451299,157.32
1,1,6,12,0.223745898,1589.648561,165.37
1,1,6,13,0.321283903,1622.845822,173.42
1,1,6,14,0.418821907,1656.043084,181.47
1,1,7,2,-0.440874326,1382.351301,91.61
1,1,7,3,-0.343336322,1415.548563,99.66
1,1,7,4,-0.245798317,1448.745824,107.71
1,1,7,5,-0.148260313,1481.943086,115.76
1,1,7,6,-0.050722308,1515.140348,123.81
1,1,7,7,0.046815697,1548.337609,131.86
1,1,7,8,0.144353701,1581.534871,139.91
1,1,7,9,0.241891706,1614.732132,147.96
1,1,7,10,0.33942971,1647.929393,156.01
1,1,7,11,0.436967715,1681.126655,164.06
1,1,8,0,-0.325190514,1440.632135,82.25
1,1,8,1,-0.22765251,1473.829396,90.3
1,1,8,2,-0.130114505,1507.026658,98.35
1,1,8,3,-0.032576501,1540.223919,106.4
1,1,8,4,0.064961504,1573.421181,114.45
1,1,8,5,0.162499508,1606.618442,122.5
1,1,8,6,0.260037513,1639.815704,130.55
1,1,8,7,0.357575517,1673.012965,138.6
1,1,8,8,0.455113522,1706.210227,146.65
1,1,9,0,-0.014430694,1565.307491,88.99
1,1,9,1,0.083107311,1598.504752,97.04
1,1,9,2,0.180645315,1631.702014,105.09
1,1,9,3,0.27818332,1664.899275,113.14
1,1,9,4,0.375721324,1698.096537,121.19
1,1,9,5,0.473259329,1731.293798,129.24
1,1,10,0,0.296329127,1689.982847,95.73
1,1,10,1,0.393867131,1723.180108,103.78
1,1,10,2,0.491405136,1756.37737,111.83
1,2,0,20,-0.457766268,1262.45797,204.36
1,2,0,21,-0.360228264,1295.655231,212.41
1,2,0,22,-0.262690259,1328.852493,220.46
1,2,0,23,-0.165152255,1362.049754,228.51
1,2,0,24,-0.06761425,1395.247016,236.56
1,2,0,25,0.029923755,1428.444277,244.61
1,2,0,26,0.127461759,1461.641539,252.66
1,2,0,27,0.224999764,1494.8388,260.71
1,2,0,28,0.322537768,1528.036062,268.76
1,2,0,29,0.420075773,1561.233323,276.81
1,2,1,17,-0.439620461,1287.541541,186.95
1,2,1,18,-0.342082456,1320.738803,195
1,2,1,19,-0.244544452,1353.936064,203.05
1,2,1,20,-0.147006447,1387.133326,211.1
1,2,1,21,-0.049468443,1420.330587,219.15
1,2,1,22,0.048069562,1453.527849,227.2
1,2,1,23,0.145607566,1486.72511,235.25
1,2,1,24,0.243145571,1519.922372,243.3
1,2,1,25,0.340683575,1553.119633,251.35
1,2,1,26,0.43822158,1586.316895,259.4
1,2,2,14,-0.421474654,1312.625113,169.54
1,2,2,15,-0.323936649,1345.822374,177.59
1,2,2,16,-0.226398645,1379.019635,185.64
1,2,2,17,-0.12886064,1412.216897,193.69
1,2,2,18,-0.031322636,1445.414159,201.74
1,2,2,19,0.066215369,1478.61142,209.79
1,2,2,20,0.163753373,1511.808682,217.84
1,2,2,21,0.261291378,1545.005943,225.89
1,2,2,22,0.358829382,1578.203205,233.94
1,2,2,23,0.456367387,1611.400466,241.99
1,2,3,11,-0.403328847,1337.708684,152.13
1,2,3,12,-0.305790842,1370.905946,160.18
1,2,3,13,-0.208252838,1404.103207,168.23
1,2,3,14,-0.110714833,1437.300469,176.28
1,2,3,15,-0.013176829,1470.49773,184.33
1,2,3,16,0.084361176,1503.694992,192.38
1,2,3,17,0.18189918,1536.892253,200.43
1,2,3,18,0.279437185,1570.089515,208.48
1,2,3,19,0.376975189,1603.286776,216.53
1,2,3,20,0.474513194,1636.484037,224.58
1,2,4,7,-0.482721044,1329.594994,126.67
1,2,4,8,-0.38518304,1362.792256,134.72
1,2,4,9,-0.287645035,1395.989517,142.77
1,2,4,10,-0.190107031,1429.186779,150.82
1,2,4,11,-0.092569026,1462.38404,158.87
1,2,4,12,0.004968978,1495.581302,166.92
1,2,4,13,0.102506983,1528.778563,174.97
1,2,4,14,0.200044988,1561.975824,183.02
1,2,4,15,0.297582992,1595.173086,191.07
1,2,4,16,0.395120997,1628.370348,199.12
1,2,4,17,0.492659001,1661.567609,207.17
1,2,5,4,-0.464575237,1354.678565,109.26
1,2,5,5,-0.367037232,1387.875827,117.31
1,2,5,6,-0.269499228,1421.073088,125.36
1,2,5,7,-0.171961223,1454.27035,133.41
1,2,5,8,-0.074423219,1487.467611,141.46
1,2,5,9,0.023114786,1520.664873,149.51
1,2,5,10,0.12065279,1553.862135,157.56
1,2,5,11,0.218190795,1587.059396,165.61
1,2,5,12,0.315728799,1620.256657,173.66
1,2,5,13,0.413266804,1653.453919,181.71
1,2,6,1,-0.44642943,1379.762137,91.85
1,2,6,2,-0.348891425,1412.959399,99.9
1,2,6,3,-0.251353421,1446.15666,107.95
1,2,6,4,-0.153815416,1479.353921,116
1,2,6,5,-0.056277412,1512.551183,124.05
1,2,6,6,0.041260593,1545.748445,132.1
1,2,6,7,0.138798597,1578.945706,140.15
1,2,6,8,0.236336602,1612.142968,148.2
1,2,6,9,0.333874606,1645.340229,156.25
1,2,6,10,0.431412611,1678.53749,164.3
1,2,7,0,-0.233207614,1471.240232,90.54
1,2,7,1,-0.135669609,1504.437493,98.59
1,2,7,2,-0.038131605,1537.634754,106.64
1,2,7,3,0.0594064,1570.832016,114.69
1,2,7,4,0.156944404,1604.029277,122.74
1,2,7,5,0.254482409,1637.226539,130.79
1,2,7,6,0.352020413,1670.4238,138.84
1,2,7,7,0.449558418,1703.621062,146.89
1,2,8,0,0.077552207,1595.915588,97.28
1,2,8,1,0.175090212,1629.112849,105.33
1,2,8,2,0.272628216,1662.310111,113.38
1,2,8,3,0.370166221,1695.507372,121.43
1,2,8,4,0.467704225,1728.704634,129.48
1,2,9,0,0.388312028,1720.590944,104.02
1,2,9,1,0.485850032,1753.788205,112.07
1,3,0,16,-0.445175565,1284.952377,187.19
1,3,0,17,-0.34763756,1318.149638,195.24
1,3,0,18,-0.250099556,1351.3469,203.29
1,3,0,19,-0.152561551,1384.544161,211.34
1,3,0,20,-0.055023547,1417.741423,219.39
1,3,0,21,0.042514458,1450.938684,227.44
1,3,0,22,0.140052462,1484.135946,235.49
1,3,0,23,0.237590467,1517.333207,243.54
1,3,0,24,0.335128471,1550.530469,251.59
1,3,0,25,0.432666476,1583.72773,259.64
1,3,1,13,-0.427029758,1310.035948,169.78
1,3,1,14,-0.329491753,1343.23321,177.83
1,3,1,15,-0.231953749,1376.430471,185.88
1,3,1,16,-0.134415744,1409.627732,193.93
1,3,1,17,-0.03687774,1442.824994,201.98
1,3,1,18,0.060660265,1476.022256,210.03
1,3,1,19,0.15819827,1509.219517,218.08
1,3,1,20,0.255736274,1542.416779,226.13
1,3,1,21,0.353274279,1575.61404,234.18
1,3,1,22,0.450812283,1608.811302,242.23
1,3,2,10,-0.40888395,1335.11952,152.37
1,3,2,11,-0.311345946,1368.316781,160.42
1,3,2,12,-0.213807941,1401.514043,168.47
1,3,2,13,-0.116269937,1434.711304,176.52
1,3,2,14,-0.018731932,1467.908566,184.57
1,3,2,15,0.078806072,1501.105827,192.62
1,3,2,16,0.176344077,1534.303089,200.67
1,3,2,17,0.273882081,1567.50035,208.72
1,3,2,18,0.371420086,1600.697612,216.77
1,3,2,19,0.46895809,1633.894873,224.82
1,3,3,6,-0.488276148,1327.00583,126.91
1,3,3,7,-0.390738143,1360.203091,134.96
1,3,3,8,-0.293200139,1393.400353,143.01
1,3,3,9,-0.195662134,1426.597614,151.06
1,3,3,10,-0.09812413,1459.794876,159.11
1,3,3,11,-0.000586125,1492.992137,167.16
1,3,3,12,0.096951879,1526.189399,175.21
1,3,3,13,0.194489884,1559.38666,183.26
1,3,3,14,0.292027888,1592.583922,191.31
1,3,3,15,0.389565893,1625.781183,199.36
1,3,3,16,0.487103897,1658.978445,207.41
1,3,4,3,-0.470130341,1352.089401,109.5
1,3,4,4,-0.372592336,1385.286663,117.55
1,3,4,5,-0.275054332,1418.483924,125.6
1,3,4,6,-0.177516327,1451.681186,133.65
1,3,4,7,-0.079978323,1484.878447,141.7
1,3,4,8,0.017559682,1518.075709,149.75
1,3,4,9,0.115097686,1551.27297,157.8
1,3,4,10,0.212635691,1584.470232,165.85
1,3,4,11,0.310173695,1617.667493,173.9
1,3,4,12,0.4077117,1650.864755,181.95
1,3,5,0,-0.451984534,1377.172973,92.09
1,3,5,1,-0.354446529,1410.370234,100.14
1,3,5,2,-0.256908525,1443.567496,108.19
1,3,5,3,-0.15937052,1476.764757,116.24
1,3,5,4,-0.061832516,1509.962018,124.29
1,3,5,5,0.035705489,1543.15928,132.34
1,3,5,6,0.133243493,1576.356542,140.39
1,3,5,7,0.230781498,1609.553803,148.44
1,3,5,8,0.328319503,1642.751065,156.49
1,3,5,9,0.425857507,1675.948326,164.54
1,3,6,0,-0.141224713,1501.848329,98.83
1,3,6,1,-0.043686708,1535.04559,106.88
1,3,6,2,0.053851296,1568.242852,114.93
1,3,6,3,0.151389301,1601.440113,122.98
1,3,6,4,0.248927305,1634.637375,131.03
1,3,6,5,0.34646531,1667.834636,139.08
1,3,6,6,0.444003314,1701.031898,147.13
1,3,7,0,0.169535108,1626.523685,105.57
1,3,7,1,0.267073112,1659.720946,113.62
1,3,7,2,0.364611117,1692.918208,121.67
1,3,7,3,0.462149121,1726.115469,129.72
1,3,8,0,0.480294928,1751.199041,112.31
1,4,0,12,-0.432584861,1307.446784,170.02
1,4,0,13,-0.335046857,1340.644045,178.07
1,4,0,14,-0.237508852,1373.841307,186.12
1,4,0,15,-0.139970848,1407.038568,194.17
1,4,0,16,-0.042432843,1440.23583,202.22
1,4,0,17,0.055105161,1473.433091,210.27
1,4,0,18,0.152643166,1506.630353,218.32
1,4,0,19,0.25018117,1539.827614,226.37
1,4,0,20,0.347719175,1573.024876,234.42
1,4,0,21,0.445257179,1606.222137,242.47
1,4,1,9,-0.414439054,1332.530355,152.61
1,4,1,10,-0.31690105,1365.727617,160.66
1,4,1,11,-0.219363045,1398.924878,168.71
1,4,1,12,-0.121825041,1432.12214,176.76
1,4,1,13,-0.024287036,1465.319401,184.81
1,4,1,14,0.073250968,1498.516663,192.86
1,4,1,15,0.170788973,1531.713924,200.91
1,4,1,16,0.268326977,1564.911186,208.96
1,4,1,17,0.365864982,1598.108447,217.01
1,4,1,18,0.463402986,1631.305709,225.06
1,4,2,5,-0.493831252,1324.416665,127.15
1,4,2,6,-0.396293247,1357.613927,135.2
1,4,2,7,-0.298755243,1390.811188,143.25
1,4,2,8,-0.201217238,1424.00845,151.3
1,4,2,9,-0.103679234,1457.205711,159.35
1,4,2,10,-0.006141229,1490.402973,167.4
1,4,2,11,0.091396775,1523.600234,175.45
1,4,2,12,0.18893478,1556.797496,183.5
1,4,2,13,0.286472784,1589.994757,191.55
1,4,2,14,0.384010789,1623.192019,199.6
1,4,2,15,0.481548794,1656.38928,207.65
1,4,3,2,-0.475685444,1349.500237,109.74
1,4,3,3,-0.37814744,1382.697498,117.79
1,4,3,4,-0.280609435,1415.89476,125.84
1,4,3,5,-0.183071431,1449.092021,133.89
1,4,3,6,-0.085533426,1482.289283,141.94
1,4,3,7,0.012004578,1515.486544,149.99
1,4,3,8,0.109542583,1548.683805,158.04
1,4,3,9,0.207080587,1581.881067,166.09
1,4,3,10,0.304618592,1615.078329,174.14
1,4,3,11,0.402156596,1648.27559,182.19
1,4,3,12,0.499694601,1681.472852,190.24
1,4,4,0,-0.360001633,1407.78107,100.38
1,4,4,1,-0.262463628,1440.978331,108.43
1,4,4,2,-0.164925624,1474.175593,116.48
1,4,4,3,-0.067387619,1507.372854,124.53
1,4,4,4,0.030150385,1540.570116,132.58
1,4,4,5,0.12768839,1573.767377,140.63
1,4,4,6,0.225226394,1606.964639,148.68
1,4,4,7,0.322764399,1640.1619,156.73
1,4,4,8,0.420302403,1673.359162,164.78
1,4,5,0,-0.049241812,1532.456426,107.12
1,4,5,1,0.048296192,1565.653687,115.17
1,4,5,2,0.145834197,1598.850949,123.22
1,4,5,3,0.243372201,1632.04821,131.27
1,4,5,4,0.340910206,1665.245472,139.32
1,4,5,5,0.43844821,1698.442733,147.37
1,4,6,0,0.261518008,1657.131782,113.86
1,4,6,1,0.359056013,1690.329043,121.91
1,4,6,2,0.456594018,1723.526305,129.96
1,5,0,8,-0.419994158,1329.941191,152.85
1,5,0,9,-0.322456153,1363.138452,160.9
1,5,0,10,-0.224918149,1396.335713,168.95
1,5,0,11,-0.127380144,1429.532975,177
1,5,0,12,-0.02984214,1462.730237,185.05
1,5,0,13,0.067695865,1495.927498,193.1
1,5,0,14,0.165233869,1529.12476,201.15
1,5,0,15,0.262771874,1562.322021,209.2
1,5,0,16,0.360309878,1595.519283,217.25
1,5,0,17,0.457847883,1628.716544,225.3
1,5,1,4,-0.499386355,1321.8275,127.39
1,5,1,5,-0.401848351,1355.024762,135.44
1,5,1,6,-0.304310346,1388.222024,143.49
1,5,1,7,-0.206772342,1421.419285,151.54
1,5,1,8,-0.109234337,1454.616547,159.59
1,5,1,9,-0.011696333,1487.813808,167.64
1,5,1,10,0.085841672,1521.011069,175.69
1,5,1,11,0.183379676,1554.208331,183.74
1,5,1,12,0.280917681,1587.405592,191.79
1,5,1,13,0.378455685,1620.602854,199.84
1,5,1,14,0.47599369,1653.800116,207.89
1,5,2,1,-0.481240548,1346.911072,109.98
1,5,2,2,-0.383702544,1380.108334,118.03
1,5,2,3,-0.286164539,1413.305595,126.08
1,5,2,4,-0.188626535,1446.502857,134.13
1,5,2,5,-0.09108853,1479.700118,142.18
1,5,2,6,0.006449474,1512.89738,150.23
1,5,2,7,0.103987479,1546.094641,158.28
1,5,2,8,0.201525483,1579.291902,166.33
1,5,2,9,0.299063488,1612.489164,174.38
1,5,2,10,0.396601492,1645.686426,182.43
1,5,2,11,0.494139497,1678.883687,190.48
1,5,3,0,-0.268018732,1438.389167,108.67
1,5,3,1,-0.170480728,1471.586428,116.72
1,5,3,2,-0.072942723,1504.78369,124.77
1,5,3,3,0.024595281,1537.980951,132.82
1,5,3,4,0.122133286,1571.178213,140.87
1,5,3,5,0.21967129,1604.375474,148.92
1,5,3,6,0.317209295,1637.572736,156.97
1,5,3,7,0.414747299,1670.769997,165.02
1,5,4,0,0.042741089,1563.064523,115.41
1,5,4,1,0.140279093,1596.261784,123.46
1,5,4,2,0.237817098,1629.459046,131.51
1,5,4,3,0.335355102,1662.656307,139.56
1,5,4,4,0.432893107,1695.853569,147.61
1,5,5,0,0.353500909,1687.739879,122.15
1,5,5,1,0.451038914,1720.93714,130.2
1,6,0,4,-0.407403455,1352.435598,135.68
1,6,0,5,-0.30986545,1385.632859,143.73
1,6,0,6,-0.212327446,1418.830121,151.78
1,6,0,7,-0.114789441,1452.027382,159.83
1,6,0,8,-0.017251437,1485.224644,167.88
1,6,0,9,0.080286568,1518.421905,175.93
1,6,0,10,0.177824572,1551.619167,183.98
1,6,0,11,0.275362577,1584.816428,192.03
1,6,0,12,0.372900581,1618.01369,200.08
1,6,0,13,0.470438586,1651.210951,208.13
1,6,1,0,-0.486795652,1344.321908,110.22
1,6,1,1,-0.389257647,1377.519169,118.27
1,6,1,2,-0.291719643,1410.716431,126.32
1,6,1,3,-0.194181638,1443.913692,134.37
1,6,1,4,-0.096643634,1477.110954,142.42
1,6,1,5,0.000894371,1510.308215,150.47
1,6,1,6,0.098432375,1543.505477,158.52
1,6,1,7,0.19597038,1576.702738,166.57
1,6,1,8,0.293508384,1609.9,174.62
1,6,1,9,0.391046389,1643.097261,182.67
1,6,1,10,0.488584393,1676.294523,190.72
1,6,2,0,-0.176035831,1468.997264,116.96
1,6,2,1,-0.078497827,1502.194525,125.01
1,6,2,2,0.019040178,1535.391787,133.06
1,6,2,3,0.116578182,1568.589048,141.11
1,6,2,4,0.214116187,1601.78631,149.16
1,6,2,5,0.311654191,1634.983571,157.21
1,6,2,6,0.409192196,1668.180833,165.26
1,6,3,0,0.134723989,1593.67262,123.7
1,6,3,1,0.232261994,1626.869881,131.75
1,6,3,2,0.329799998,1660.067143,139.8
1,6,3,3,0.427338003,1693.264404,147.85
1,6,4,0,0.44548381,1718.347976,130.44
1,7,0,0,-0.394812751,1374.930005,118.51
1,7,0,1,-0.297274747,1408.127266,126.56
1,7,0,2,-0.199736742,1441.324528,134.61
1,7,0,3,-0.102198738,1474.521789,142.66
1,7,0,4,-0.004660733,1507.719051,150.71
1,7,0,5,0.092877271,1540.916312,158.76
1,7,0,6,0.190415276,1574.113574,166.81
1,7,0,7,0.28795328,1607.310835,174.86
1,7,0,8,0.385491285,1640.508097,182.91
1,7,0,9,0.483029289,1673.705358,190.96
1,7,1,0,-0.084052931,1499.605361,125.25
1,7,1,1,0.013485074,1532.802622,133.3
1,7,1,2,0.111023078,1565.999884,141.35
1,7,1,3,0.208561083,1599.197145,149.4
1,7,1,4,0.306099087,1632.394407,157.45
1,7,1,5,0.403637092,1665.591668,165.5
1,7,2,0,0.22670689,1624.280717,131.99
1,7,2,1,0.324244895,1657.477978,140.04
1,7,2,2,0.421782899,1690.67524,148.09
1,8,0,0,0.00792997,1530.213458,133.54
1,8,0,1,0.105467975,1563.410719,141.59
1,8,0,2,0.203005979,1596.607981,149.64
1,8,0,3,0.300543984,1629.805242,157.69
1,8,0,4,0.398081988,1663.002504,165.74
1,8,0,5,0.495619993,1696.199765,173.79
1,8,1,0,0.318689791,1654.888814,140.28
1,8,1,1,0.416227795,1688.086075,148.33
1,9,0,0,0.410672692,1685.496911,148.57
2,0,0,21,-0.453353264,1273.034159,195.65
2,0,0,22,-0.355815259,1306.23142,203.7
2,0,0,23,-0.258277255,1339.428681,211.75
2,0,0,24,-0.16073925,1372.625943,219.8
2,0,0,25,-0.063201245,1405.823205,227.85
2,0,0,26,0.034336759,1439.020466,235.9
2,0,0,27,0.131874764,1472.217728,243.95
2,0,0,28,0.229412768,1505.414989,252
2,0,0,29,0.326950773,1538.612251,260.05
2,0,0,30,0.424488777,1571.809512,268.1
2,0,1,18,-0.435207456,1298.11773,178.24
2,0,1,19,-0.337669452,1331.314992,186.29
2,0,1,20,-0.240131447,1364.512253,194.34
2,0,1,21,-0.142593443,1397.709515,202.39
2,0,1,22,-0.045055438,1430.906776,210.44
2,0,1,23,0.052482566,1464.104038,218.49
2,0,1,24,0.150020571,1497.301299,226.54
2,0,1,25,0.247558575,1530.498561,234.59
2,0,1,26,0.34509658,1563.695822,242.64
2,0,1,27,0.442634584,1596.893083,250.69
2,0,2,15,-0.417061649,1323.201302,160.83
2,0,2,16,-0.319523645,1356.398563,168.88
2,0,2,17,-0.22198564,1389.595825,176.93
2,0,2,18,-0.124447636,1422.793086,184.98
2,0,2,19,-0.026909631,1455.990348,193.03
2,0,2,20,0.070628373,1489.187609,201.08
2,0,2,21,0.168166378,1522.38487,209.13
2,0,2,22,0.265704382,1555.582132,217.18
2,0,2,23,0.363242387,1588.779394,225.23
2,0,2,24,0.460780391,1621.976655,233.28
2,0,3,11,-0.496453847,1315.087612,135.37
2,0,3,12,-0.398915842,1348.284873,143.42
2,0,3,13,-0.301377838,1381.482135,151.47
2,0,3,14,-0.203839833,1414.679396,159.52
2,0,3,15,-0.106301829,1447.876658,167.57
2,0,3,16,-0.008763824,1481.073919,175.62
2,0,3,17,0.08877418,1514.271181,183.67
2,0,3,18,0.186312185,1547.468442,191.72
2,0,3,19,0.283850189,1580.665704,199.77
2,0,3,20,0.381388194,1613.862965,207.82
2,0,3,21,0.478926198,1647.060227,215.87
2,0,4,8,-0.47830804,1340.171183,117.96
2,0,4,9,-0.380770035,1373.368445,126.01
2,0,4,10,-0.283232031,1406.565706,134.06
2,0,4,11,-0.185694026,1439.762968,142.11
2,0,4,12,-0.088156022,1472.960229,150.16
2,0,4,13,0.009381983,1506.157491,158.21
2,0,4,14,0.106919988,1539.354752,166.26
2,0,4,15,0.204457992,1572.552014,174.31
2,0,4,16,0.301995997,1605.749275,182.36
2,0,4,17,0.399534001,1638.946537,190.41
2,0,4,18,0.497072006,1672.143798,198.46
2,0,5,5,-0.460162232,1365.254755,100.55
2,0,5,6,-0.362624228,1398.452016,108.6
2,0,5,7,-0.265086223,1431.649278,116.65
2,0,5,8,-0.167548219,1464.846539,124.7
2,0,5,9,-0.070010214,1498.043801,132.75
2,0,5,10,0.02752779,1531.241062,140.8
2,0,5,11,0.125065795,1564.438324,148.85
2,0,5,12,0.222603799,1597.635585,156.9
2,0,5,13,0.320141804,1630.832847,164.95
2,0,5,14,0.417679808,1664.030108,173
2,0,6,2,-0.442016425,1390.338326,83.14
2,0,6,3,-0.344478421,1423.535588,91.19
2,0,6,4,-0.246940416,1456.732849,99.24
2,0,6,5,-0.149402412,1489.930111,107.29
2,0,6,6,-0.051864407,1523.127372,115.34
2,0,6,7,0.045673597,1556.324634,123.39
2,0,6,8,0.143211602,1589.521895,131.44
2,0,6,9,0.240749606,1622.719157,139.49
2,0,6,10,0.338287611,1655.916418,147.54
2,0,6,11,0.435825615,1689.11368,155.59
2,0,7,0,-0.326332614,1448.619159,73.78
2,0,7,1,-0.228794609,1481.816421,81.83
2,0,7,2,-0.131256605,1515.013682,89.88
2,0,7,3,-0.0337186,1548.210944,97.93
2,0,7,4,0.063819404,1581.408205,105.98
2,0,7,5,0.161357409,1614.605467,114.03
2,0,7,6,0.258895413,1647.802728,122.08
2,0,7,7,0.356433418,1680.99999,130.13
2,0,7,8,0.453971422,1714.197251,138.18
2,0,8,0,-0.015572793,1573.294515,80.52
2,0,8,1,0.081965212,1606.491777,88.57
2,0,8,2,0.179503216,1639.689038,96.62
2,0,8,3,0.277041221,1672.8863,104.67
2,0,8,4,0.374579225,1706.083561,112.72
2,0,8,5,0.47211723,1739.280823,120.77
2,0,9,0,0.295187028,1697.969871,87.26
2,0,9,1,0.392725032,1731.167133,95.31
2,0,9,2,0.490263037,1764.364394,103.36
2,1,0,17,-0.44076256,1295.528566,178.48
2,1,0,18,-0.343224556,1328.725827,186.53
2,1,0,19,-0.245686551,1361.923089,194.58
2,1,0,20,-0.148148547,1395.12035,202.63
2,1,0,21,-0.050610542,1428.317612,210.68
2,1,0,22,0.046927462,1461.514873,218.73
2,1,0,23,0.144465467,1494.712135,226.78
2,1,0,24,0.242003471,1527.909396,234.83
2,1,0,25,0.339541476,1561.106658,242.88
2,1,0,26,0.43707948,1594.303919,250.93
2,1,1,14,-0.422616753,1320.612137,161.07
2,1,1,15,-0.325078749,1353.809399,169.12
2,1,1,16,-0.227540744,1387.00666,177.17
2,1,1,17,-0.13000274,1420.203922,185.22
2,1,1,18,-0.032464735,1453.401183,193.27
2,1,1,19,0.06507327,1486.598445,201.32
2,1,1,20,0.162611274,1519.795706,209.37
2,1,1,21,0.260149279,1552.992967,217.42
2,1,1,22,0.357687283,1586.190229,225.47
2,1,1,23,0.455225288,1619.387491,233.52
2,1,2,11,-0.404470946,1345.695709,143.66
2,1,2,12,-0.306932941,1378.89297,151.71
2,1,2,13,-0.209394937,1412.090232,159.76
2,1,2,14,-0.111856932,1445.287493,167.81
2,1,2,15,-0.014318928,1478.484755,175.86
2,1,2,16,0.083219077,1511.682016,183.91
2,1,2,17,0.180757081,1544.879278,191.96
2,1,2,18,0.278295086,1578.076539,200.01
2,1,2,19,0.37583309,1611.273801,208.06
2,1,2,20,0.473371095,1644.471062,216.11
2,1,3,7,-0.483863143,1337.582019,118.2
2,1,3,8,-0.386325139,1370.77928,126.25
2,1,3,9,-0.288787134,1403.976542,134.3
2,1,3,10,-0.19124913,1437.173803,142.35
2,1,3,11,-0.093711125,1470.371065,150.4
2,1,3,12,0.003826879,1503.568326,158.45
2,1,3,13,0.101364884,1536.765588,166.5
2,1,3,14,0.198902888,1569.962849,174.55
2,1,3,15,0.296440893,1603.160111,182.6
2,1,3,16,0.393978897,1636.357372,190.65
2,1,3,17,0.491516902,1669.554634,198.7
2,1,4,4,-0.465717336,1362.66559,100.79
2,1,4,5,-0.368179332,1395.862852,108.84
2,1,4,6,-0.270641327,1429.060113,116.89
2,1,4,7,-0.173103323,1462.257375,124.94
2,1,4,8,-0.075565318,1495.454636,132.99
2,1,4,9,0.021972686,1528.651898,141.04
2,1,4,10,0.119510691,1561.849159,149.09
2,1,4,11,0.217048695,1595.046421,157.14
2,1,4,12,0.3145867,1628.243682,165.19
2,1,4,13,0.412124704,1661.440944,173.24
2,1,5,1,-0.447571529,1387.749162,83.38
2,1,5,2,-0.350033525,1420.946423,91.43
2,1,5,3,-0.25249552,1454.143685,99.48
2,1,5,4,-0.154957516,1487.340946,107.53
2,1,5,5,-0.057419511,1520.538208,115.58
2,1,5,6,0.040118493,1553.735469,123.63
2,1,5,7,0.137656498,1586.932731,131.68
2,1,5,8,0.235194503,1620.129992,139.73
2,1,5,9,0.332732507,1653.327254,147.78
2,1,5,10,0.430270512,1686.524515,155.83
2,1,6,0,-0.234349713,1479.227256,82.07
2,1,6,1,-0.136811708,1512.424518,90.12
2,1,6,2,-0.039273704,1545.621779,98.17
2,1,6,3,0.058264301,1578.819041,106.22
2,1,6,4,0.155802305,1612.016302,114.27
2,1,6,5,0.25334031,1645.213564,122.32
2,1,6,6,0.350878314,1678.410825,130.37
2,1,6,7,0.448416319,1711.608087,138.42
2,1,7,0,0.076410108,1603.902612,88.81
2,1,7,1,0.173948112,1637.099874,96.86
2,1,7,2,0.271486117,1670.297135,104.91
2,1,7,3,0.369024121,1703.494397,112.96
2,1,7,4,0.466562126,1736.691658,121.01
2,1,8,0,0.387169928,1728.577968,95.55
2,1,8,1,0.484707933,1761.77523,103.6
2,2,0,13,-0.428171857,1318.022973,161.31
2,2,0,14,-0.330633852,1351.220234,169.36
2,2,0,15,-0.233095848,1384.417496,177.41
2,2,0,16,-0.135557843,1417.614757,185.46
2,2,0,17,-0.038019839,1450.812019,193.51
2,2,0,18,0.059518166,1484.00928,201.56
2,2,0,19,0.15705617,1517.206542,209.61
2,2,0,20,0.254594175,1550.403803,217.66
2,2,0,21,0.352132179,1583.601065,225.71
2,2,0,22,0.449670184,1616.798326,233.76
2,2,1,10,-0.41002605,1343.106544,143.9
2,2,1,11,-0.312488045,1376.303806,151.95
2,2,1,12,-0.214950041,1409.501067,160
2,2,1,13,-0.117412036,1442.698329,168.05
2,2,1,14,-0.019874032,1475.89559,176.1
2,2,1,15,0.077663973,1509.092852,184.15
2,2,1,16,0.175201977,1542.290113,192.2
2,2,1,17,0.272739982,1575.487375,200.25
2,2,1,18,0.370277986,1608.684636,208.3
2,2,1,19,0.467815991,1641.881898,216.35
2,2,2,6,-0.489418247,1334.992854,118.44
2,2,2,7,-0.391880243,1368.190116,126.49
2,2,2,8,-0.294342238,1401.387377,134.54
2,2,2,9,-0.196804234,1434.584639,142.59
2,2,2,10,-0.099266229,1467.7819,150.64
2,2,2,11,-0.001728225,1500.979162,158.69
2,2,2,12,0.09580978,1534.176423,166.74
2,2,2,13,0.193347784,1567.373685,174.79
2,2,2,14,0.290885789,1600.570946,182.84
2,2,2,15,0.388423794,1633.768208,190.89
2,2,2,16,0.485961798,1666.965469,198.94
2,2,3,3,-0.47127244,1360.076426,101.03
2,2,3,4,-0.373734435,1393.273687,109.08
2,2,3,5,-0.276196431,1426.470949,117.13
2,2,3,6,-0.178658426,1459.66821,125.18
2,2,3,7,-0.081120422,1492.865472,133.23
2,2,3,8,0.016417583,1526.062733,141.28
2,2,3,9,0.113955587,1559.259995,149.33
2,2,3,10,0.211493592,1592.457256,157.38
2,2,3,11,0.309031596,1625.654517,165.43
2,2,3,12,0.406569601,1658.851779,173.48
2,2,4,0,-0.453126633,1385.159997,83.62
2,2,4,1,-0.355588628,1418.357259,91.67
2,2,4,2,-0.258050624,1451.55452,99.72
2,2,4,3,-0.160512619,1484.751782,107.77
2,2,4,4,-0.062974615,1517.949043,115.82
2,2,4,5,0.03456339,1551.146305,123.87
2,2,4,6,0.132101394,1584.343566,131.92
2,2,4,7,0.229639399,1617.540828,139.97
2,2,4,8,0.327177403,1650.738089,148.02
2,2,4,9,0.424715408,1683.935351,156.07
2,2,5,0,-0.142366812,1509.835353,90.36
2,2,5,1,-0.044828808,1543.032615,98.41
2,2,5,2,0.052709197,1576.229876,106.46
2,2,5,3,0.150247201,1609.427138,114.51
2,2,5,4,0.247785206,1642.624399,122.56
2,2,5,5,0.34532321,1675.821661,130.61
2,2,5,6,0.442861215,1709.018922,138.66
2,2,6,0,0.168393008,1634.510709,97.1
2,2,6,1,0.265931013,1667.707971,105.15
2,2,6,2,0.363469018,1700.905232,113.2
2,2,6,3,0.461007022,1734.102494,121.25
2,2,7,0,0.479152829,1759.186065,103.84
2,3,0,9,-0.415581153,1340.51738,144.14
2,3,0,10,-0.318043149,1373.714641,152.19
2,3,0,11,-0.220505144,1406.911903,160.24
2,3,0,12,-0.12296714,1440.109164,168.29
2,3,0,13,-0.025429135,1473.306426,176.34
2,3,0,14,0.072108869,1506.503687,184.39
2,3,0,15,0.169646874,1539.700949,192.44
2,3,0,16,0.267184878,1572.89821,200.49
2,3,0,17,0.364722883,1606.095472,208.54
2,3,0,18,0.462260887,1639.292733,216.59
2,3,1,5,-0.494973351,1332.40369,118.68
2,3,1,6,-0.397435346,1365.600951,126.73
2,3,1,7,-0.299897342,1398.798213,134.78
2,3,1,8,-0.202359337,1431.995474,142.83
2,3,1,9,-0.104821333,1465.192736,150.88
2,3,1,10,-0.007283328,1498.389997,158.93
2,3,1,11,0.090254676,1531.587259,166.98
2,3,1,12,0.187792681,1564.78452,175.03
2,3,1,13,0.285330685,1597.981782,183.08
2,3,1,14,0.38286869,1631.179043,191.13
2,3,1,15,0.480406694,1664.376305,199.18
2,3,2,2,-0.476827544,1357.487261,101.27
2,3,2,3,-0.379289539,1390.684523,109.32
2,3,2,4,-0.281751535,1423.881784,117.37
2,3,2,5,-0.18421353,1457.079046,125.42
2,3,2,6,-0.086675526,1490.276307,133.47
2,3,2,7,0.010862479,1523.473569,141.52
2,3,2,8,0.108400483,1556.67083,149.57
2,3,2,9,0.205938488,1589.868092,157.62
2,3,2,10,0.303476492,1623.065353,165.67
2,3,2,11,0.401014497,1656.262615,173.72
2,3,2,12,0.498552501,1689.459876,181.77
2,3,3,0,-0.361143732,1415.768094,91.91
2,3,3,1,-0.263605728,1448.965356,99.96
2,3,3,2,-0.166067723,1482.162617,108.01
2,3,3,3,-0.068529719,1515.359879,116.06
2,3,3,4,0.029008286,1548.55714,124.11
2,3,3,5,0.12654629,1581.754402,132.16
2,3,3,6,0.224084295,1614.951663,140.21
2,3,3,7,0.321622299,1648.148925,148.26
2,3,3,8,0.419160304,1681.346186,156.31
2,3,4,0,-0.050383911,1540.44345,98.65
2,3,4,1,0.047154093,1573.640712,106.7
2,3,4,2,0.144692098,1606.837973,114.75
2,3,4,3,0.242230102,1640.035235,122.8
2,3,4,4,0.339768107,1673.232496,130.85
2,3,4,5,0.437306111,1706.429758,138.9
2,3,5,0,0.260375909,1665.118806,105.39
2,3,5,1,0.357913914,1698.316068,113.44
2,3,5,2,0.455451918,1731.513329,121.49
2,4,0,5,-0.40299045,1363.011787,126.97
2,4,0,6,-0.305452446,1396.209048,135.02
2,4,0,7,-0.207914441,1429.40631,143.07
2,4,0,8,-0.110376437,1462.603571,151.12
2,4,0,9,-0.012838432,1495.800832,159.17
2,4,0,10,0.084699572,1528.998094,167.22
2,4,0,11,0.182237577,1562.195356,175.27
2,4,0,12,0.279775581,1595.392617,183.32
2,4,0,13,0.377313586,1628.589879,191.37
2,4,0,14,0.474851591,1661.78714,199.42
2,4,1,1,-0.482382647,1354.898097,101.51
2,4,1,2,-0.384844643,1388.095358,109.56
2,4,1,3,-0.287306638,1421.29262,117.61
2,4,1,4,-0.189768634,1454.489881,125.66
2,4,1,5,-0.092230629,1487.687143,133.71
2,4,1,6,0.005307375,1520.884404,141.76
2,4,1,7,0.10284538,1554.081666,149.81
2,4,1,8,0.200383384,1587.278927,157.86
2,4,1,9,0.297921389,1620.476189,165.91
2,4,1,10,0.395459393,1653.67345,173.96
2,4,1,11,0.492997398,1686.870712,182.01
2,4,2,0,-0.269160831,1446.376191,100.2
2,4,2,1,-0.171622827,1479.573453,108.25
2,4,2,2,-0.074084822,1512.770714,116.3
2,4,2,3,0.023453182,1545.967976,124.35
2,4,2,4,0.120991187,1579.165237,132.4
2,4,2,5,0.218529191,1612.362499,140.45
2,4,2,6,0.316067196,1645.55976,148.5
2,4,2,7,0.4136052,1678.757022,156.55
2,4,3,0,0.041598989,1571.051547,106.94
2,4,3,1,0.139136994,1604.248809,114.99
2,4,3,2,0.236674998,1637.44607,123.04
2,4,3,3,0.334213003,1670.643332,131.09
2,4,3,4,0.431751007,1703.840593,139.14
2,4,4,0,0.35235881,1695.726903,113.68
2,4,4,1,0.449896814,1728.924165,121.73
2,5,0,0,-0.487937751,1352.308932,101.75
2,5,0,1,-0.390399747,1385.506194,109.8
2,5,0,2,-0.292861742,1418.703455,117.85
2,5,0,3,-0.195323738,1451.900717,125.9
2,5,0,4,-0.097785733,1485.097978,133.95
2,5,0,5,-0.000247729,1518.29524,142
2,5,0,6,0.097290276,1551.492501,150.05
2,5,0,7,0.19482828,1584.689763,158.1
2,5,0,8,0.292366285,1617.887024,166.15
2,5,0,9,0.389904289,1651.084286,174.2
2,5,0,10,0.487442294,1684.281547,182.25
2,5,1,0,-0.177177931,1476.984288,108.49
2,5,1,1,-0.079639926,1510.18155,116.54
2,5,1,2,0.017898078,1543.378811,124.59
2,5,1,3,0.115436083,1576.576073,132.64
2,5,1,4,0.212974087,1609.773334,140.69
2,5,1,5,0.310512092,1642.970596,148.74
2,5,1,6,0.408050096,1676.167857,156.79
2,5,2,0,0.13358189,1601.659644,115.23
2,5,2,1,0.231119895,1634.856906,123.28
2,5,2,2,0.328657899,1668.054167,131.33
2,5,2,3,0.426195904,1701.251429,139.38
2,5,3,0,0.444341711,1726.335,121.97
2,6,0,0,-0.08519503,1507.592385,116.78
2,6,0,1,0.012342975,1540.789647,124.83
2,6,0,2,0.109880979,1573.986908,132.88
2,6,0,3,0.207418984,1607.18417,140.93
2,6,0,4,0.304956988,1640.381431,148.98
2,6,0,5,0.402494993,1673.578693,157.03
2,6,1,0,0.225564791,1632.267741,123.52
2,6,1,1,0.323102795,1665.465003,131.57
2,6,1,2,0.4206408,1698.662264,139.62
2,7,0,0,0.317547692,1662.875838,131.81
2,7,0,1,0.415085696,1696.0731,139.86
3,0,0,14,-0.423758852,1328.599162,152.6
3,0,0,15,-0.326220848,1361.796423,160.65
3,0,0,16,-0.228682843,1394.993684,168.7
3,0,0,17,-0.131144839,1428.190946,176.75
3,0,0,18,-0.033606834,1461.388208,184.8
3,0,0,19,0.06393117,1494.585469,192.85
3,0,0,20,0.161469175,1527.78273,200.9
3,0,0,21,0.259007179,1560.979992,208.95
3,0,0,22,0.356545184,1594.177254,217
3,0,0,23,0.454083188,1627.374515,225.05
3,0,1,11,-0.405613045,1353.682733,135.19
3,0,1,12,-0.308075041,1386.879994,143.24
3,0,1,13,-0.210537036,1420.077256,151.29
3,0,1,14,-0.112999032,1453.274518,159.34
3,0,1,15,-0.015461027,1486.471779,167.39
3,0,1,16,0.082076977,1519.669041,175.44
3,0,1,17,0.179614982,1552.866302,183.49
3,0,1,18,0.277152986,1586.063564,191.54
3,0,1,19,0.374690991,1619.260825,199.59
3,0,1,20,0.472228995,1652.458086,207.64
3,0,2,7,-0.485005243,1345.569043,109.73
3,0,2,8,-0.387467238,1378.766305,117.78
3,0,2,9,-0.289929234,1411.963566,125.83
3,0,2,10,-0.192391229,1445.160827,133.88
3,0,2,11,-0.094853225,1478.358089,141.93
3,0,2,12,0.00268478,1511.555351,149.98
3,0,2,13,0.100222784,1544.752612,158.03
3,0,2,14,0.197760789,1577.949873,166.08
3,0,2,15,0.295298794,1611.147135,174.13
3,0,2,16,0.392836798,1644.344397,182.18
3,0,2,17,0.490374803,1677.541658,190.23
3,0,3,4,-0.466859435,1370.652614,92.32
3,0,3,5,-0.369321431,1403.849876,100.37
3,0,3,6,-0.271783426,1437.047137,108.42
3,0,3,7,-0.174245422,1470.244399,116.47
3,0,3,8,-0.076707417,1503.441661,124.52
3,0,3,9,0.020830587,1536.638922,132.57
3,0,3,10,0.118368592,1569.836183,140.62
3,0,3,11,0.215906596,1603.033445,148.67
3,0,3,12,0.313444601,1636.230706,156.72
3,0,3,13,0.410982605,1669.427968,164.77
3,0,4,1,-0.448713628,1395.736186,74.91
3,0,4,2,-0.351175624,1428.933447,82.96
3,0,4,3,-0.253637619,1462.130709,91.01
3,0,4,4,-0.156099615,1495.327971,99.06
3,0,4,5,-0.05856161,1528.525232,107.11
3,0,4,6,0.038976394,1561.722494,115.16
3,0,4,7,0.136514399,1594.919755,123.21
3,0,4,8,0.234052403,1628.117016,131.26
3,0,4,9,0.331590408,1661.314278,139.31
3,0,4,10,0.429128412,1694.511539,147.36
3,0,5,0,-0.235491812,1487.214281,73.6
3,0,5,1,-0.137953808,1520.411542,81.65
3,0,5,2,-0.040415803,1553.608804,89.7
3,0,5,3,0.057122201,1586.806065,97.75
3,0,5,4,0.154660206,1620.003327,105.8
3,0,5,5,0.25219821,1653.200588,113.85
3,0,5,6,0.349736215,1686.39785,121.9
3,0,5,7,0.447274219,1719.595111,129.95
3,0,6,0,0.075268008,1611.889636,80.34
3,0,6,1,0.172806013,1645.086898,88.39
3,0,6,2,0.270344018,1678.28416,96.44
3,0,6,3,0.367882022,1711.481421,104.49
3,0,6,4,0.465420027,1744.678683,112.54
3,0,7,0,0.386027829,1736.564992,87.08
3,0,7,1,0.483565834,1769.762254,95.13
3,1,0,10,-0.411168149,1351.093568,135.43
3,1,0,11,-0.313630144,1384.29083,143.48
3,1,0,12,-0.21609214,1417.488092,151.53
3,1,0,13,-0.118554135,1450.685353,159.58
3,1,0,14,-0.021016131,1483.882614,167.63
3,1,0,15,0.076521874,1517.079876,175.68
3,1,0,16,0.174059878,1550.277138,183.73
3,1,0,17,0.271597883,1583.474399,191.78
3,1,0,18,0.369135887,1616.67166,199.83
3,1,0,19,0.466673892,1649.868922,207.88
3,1,1,6,-0.490560346,1342.979878,109.97
3,1,1,7,-0.393022342,1376.17714,118.02
3,1,1,8,-0.295484337,1409.374401,126.07
3,1,1,9,-0.197946333,1442.571663,134.12
3,1,1,10,-0.100408328,1475.768924,142.17
3,1,1,11,-0.002870324,1508.966186,150.22
3,1,1,12,0.094667681,1542.163447,158.27
3,1,1,13,0.192205685,1575.360709,166.32
3,1,1,14,0.28974369,1608.557971,174.37
3,1,1,15,0.387281694,1641.755232,182.42
3,1,1,16,0.484819699,1674.952493,190.47
3,1,2,3,-0.472414539,1368.06345,92.56
3,1,2,4,-0.374876535,1401.260711,100.61
3,1,2,5,-0.27733853,1434.457973,108.66
3,1,2,6,-0.179800526,1467.655234,116.71
3,1,2,7,-0.082262521,1500.852496,124.76
3,1,2,8,0.015275483,1534.049758,132.81
3,1,2,9,0.112813488,1567.247019,140.86
3,1,2,10,0.210351492,1600.44428,148.91
3,1,2,11,0.307889497,1633.641542,156.96
3,1,2,12,0.405427501,1666.838803,165.01
3,1,3,0,-0.454268732,1393.147022,75.15
3,1,3,1,-0.356730728,1426.344283,83.2
3,1,3,2,-0.259192723,1459.541544,91.25
3,1,3,3,-0.161654719,1492.738806,99.3
3,1,3,4,-0.064116714,1525.936068,107.35
3,1,3,5,0.03342129,1559.133329,115.4
3,1,3,6,0.130959295,1592.330591,123.45
3,1,3,7,0.228497299,1625.527852,131.5
3,1,3,8,0.326035304,1658.725114,139.55
3,1,3,9,0.423573309,1691.922375,147.6
3,1,4,0,-0.143508911,1517.822378,81.89
3,1,4,1,-0.045970907,1551.019639,89.94
3,1,4,2,0.051567098,1584.2169,97.99
3,1,4,3,0.149105102,1617.414162,106.04
3,1,4,4,0.246643107,1650.611423,114.09
3,1,4,5,0.344181111,1683.808685,122.14
3,1,4,6,0.441719116,1717.005947,130.19
3,1,5,0,0.167250909,1642.497733,88.63
3,1,5,1,0.264788914,1675.694995,96.68
3,1,5,2,0.362326918,1708.892256,104.73
3,1,5,3,0.459864923,1742.089518,112.78
3,1,6,0,0.47801073,1767.173089,95.37
3,2,0,5,-0.49611545,1340.390714,110.21
3,2,0,6,-0.398577446,1373.587975,118.26
3,2,0,7,-0.301039441,1406.785237,126.31
3,2,0,8,-0.203501437,1439.982498,134.36
3,2,0,9,-0.105963432,1473.17976,142.41
3,2,0,10,-0.008425428,1506.377021,150.46
3,2,0,11,0.089112577,1539.574283,158.51
3,2,0,12,0.186650581,1572.771544,166.56
3,2,0,13,0.284188586,1605.968806,174.61
3,2,0,14,0.381726591,1639.166068,182.66
3,2,0,15,0.479264595,1672.363329,190.71
3,2,1,2,-0.477969643,1365.474286,92.8
3,2,1,3,-0.380431638,1398.671547,100.85
3,2,1,4,-0.282893634,1431.868809,108.9
3,2,1,5,-0.185355629,1465.06607,116.95
3,2,1,6,-0.087817625,1498.263331,125
3,2,1,7,0.00972038,1531.460593,133.05
3,2,1,8,0.107258384,1564.657855,141.1
3,2,1,9,0.204796389,1597.855116,149.15
3,2,1,10,0.302334393,1631.052378,157.2
3,2,1,11,0.399872398,1664.249639,165.25
3,2,1,12,0.497410402,1697.4469,173.3
3,2,2,0,-0.362285831,1423.755118,83.44
3,2,2,1,-0.264747827,1456.95238,91.49
3,2,2,2,-0.167209822,1490.149642,99.54
3,2,2,3,-0.069671818,1523.346903,107.59
3,2,2,4,0.027866187,1556.544164,115.64
3,2,2,5,0.125404191,1589.741426,123.69
3,2,2,6,0.222942196,1622.938687,131.74
3,2,2,7,0.3204802,1656.135949,139.79
3,2,2,8,0.418018205,1689.33321,147.84
3,2,3,0,-0.051526011,1548.430474,90.18
3,2,3,1,0.046011994,1581.627736,98.23
3,2,3,2,0.143549998,1614.824997,106.28
3,2,3,3,0.241088003,1648.022259,114.33
3,2,3,4,0.338626007,1681.21952,122.38
3,2,3,5,0.436164012,1714.416782,130.43
3,2,4,0,0.25923381,1673.105831,96.92
3,2,4,1,0.356771814,1706.303092,104.97
3,2,4,2,0.454309819,1739.500354,113.02
3,3,0,1,-0.483524747,1362.885121,93.04
3,3,0,2,-0.385986742,1396.082383,101.09
3,3,0,3,-0.288448738,1429.279644,109.14
3,3,0,4,-0.190910733,1462.476906,117.19
3,3,0,5,-0.093372729,1495.674167,125.24
3,3,0,6,0.004165276,1528.871428,133.29
3,3,0,7,0.10170328,1562.06869,141.34
3,3,0,8,0.199241285,1595.265952,149.39
3,3,0,9,0.296779289,1628.463213,157.44
3,3,0,10,0.394317294,1661.660475,165.49
3,3,0,11,0.491855298,1694.857736,173.54
3,3,1,0,-0.270302931,1454.363216,91.73
3,3,1,1,-0.172764926,1487.560477,99.78
3,3,1,2,-0.075226922,1520.757739,107.83
3,3,1,3,0.022311083,1553.955,115.88
3,3,1,4,0.119849087,1587.152262,123.93
3,3,1,5,0.217387092,1620.349523,131.98
3,3,1,6,0.314925096,1653.546785,140.03
3,3,1,7,0.412463101,1686.744046,148.08
3,3,2,0,0.04045689,1579.038572,98.47
3,3,2,1,0.137994895,1612.235833,106.52
3,3,2,2,0.235532899,1645.433095,114.57
3,3,2,3,0.333070904,1678.630356,122.62
3,3,2,4,0.430608908,1711.827617,130.67
3,3,3,0,0.351216711,1703.713928,105.21
3,3,3,1,0.448754715,1736.911189,113.26
3,4,0,0,-0.17832003,1484.971312,100.02
3,4,0,1,-0.080782025,1518.168574,108.07
3,4,0,2,0.016755979,1551.365836,116.12
3,4,0,3,0.114293984,1584.563097,124.17
3,4,0,4,0.211831988,1617.760359,132.22
3,4,0,5,0.309369993,1650.95762,140.27
3,4,0,6,0.406907997,1684.154881,148.32
3,4,1,0,0.132439791,1609.646668,106.76
3,4,1,1,0.229977795,1642.84393,114.81
3,4,1,2,0.3275158,1676.041191,122.86
3,4,1,3,0.425053804,1709.238453,130.91
3,4,2,0,0.443199611,1734.322025,113.5
3,5,0,0,0.224422692,1640.254765,115.05
3,5,0,1,0.321960696,1673.452027,123.1
3,5,0,2,0.419498701,1706.649288,131.15
4,0,0,6,-0.491702446,1350.966903,101.5
4,0,0,7,-0.394164441,1384.164165,109.55
4,0,0,8,-0.296626437,1417.361426,117.6
4,0,0,9,-0.199088432,1450.558688,125.65
4,0,0,10,-0.101550428,1483.755949,133.7
4,0,0,11,-0.004012423,1516.953211,141.75
4,0,0,12,0.093525581,1550.150472,149.8
4,0,0,13,0.191063586,1583.347734,157.85
4,0,0,14,0.288601591,1616.544995,165.9
4,0,0,15,0.386139595,1649.742257,173.95
4,0,0,16,0.4836776,1682.939518,182
4,0,1,3,-0.473556638,1376.050474,84.09
4,0,1,4,-0.376018634,1409.247736,92.14
4,0,1,5,-0.278480629,1442.444998,100.19
4,0,1,6,-0.180942625,1475.642259,108.24
4,0,1,7,-0.08340462,1508.839521,116.29
4,0,1,8,0.014133384,1542.036782,124.34
4,0,1,9,0.111671389,1575.234043,132.39
4,0,1,10,0.209209393,1608.431305,140.44
4,0,1,11,0.306747398,1641.628566,148.49
4,0,1,12,0.404285402,1674.825828,156.54
4,0,2,0,-0.455410831,1401.134046,66.68
4,0,2,1,-0.357872827,1434.331308,74.73
4,0,2,2,-0.260334822,1467.528569,82.78
4,0,2,3,-0.162796818,1500.725831,90.83
4,0,2,4,-0.065258813,1533.923092,98.88
4,0,2,5,0.032279191,1567.120354,106.93
4,0,2,6,0.129817196,1600.317615,114.98
4,0,2,7,0.2273552,1633.514877,123.03
4,0,2,8,0.324893205,1666.712138,131.08
4,0,2,9,0.422431209,1699.9094,139.13
4,0,3,0,-0.144651011,1525.809402,73.42
4,0,3,1,-0.047113006,1559.006664,81.47
4,0,3,2,0.050424998,1592.203925,89.52
4,0,3,3,0.147963003,1625.401187,97.57
4,0,3,4,0.245501007,1658.598448,105.62
4,0,3,5,0.343039012,1691.79571,113.67
4,0,3,6,0.440577016,1724.992971,121.72
4,0,4,0,0.16610881,1650.484758,80.16
4,0,4,1,0.263646814,1683.68202,88.21
4,0,4,2,0.361184819,1716.879281,96.26
4,0,4,3,0.458722824,1750.076543,104.31
4,0,5,0,0.476868631,1775.160114,86.9
4,1,0,2,-0.479111742,1373.46131,84.33
4,1,0,3,-0.381573738,1406.658571,92.38
4,1,0,4,-0.284035733,1439.855833,100.43
4,1,0,5,-0.186497729,1473.053095,108.48
4,1,0,6,-0.088959724,1506.250356,116.53
4,1,0,7,0.00857828,1539.447618,124.58
4,1,0,8,0.106116285,1572.644879,132.63
4,1,0,9,0.203654289,1605.842141,140.68
4,1,0,10,0.301192294,1639.039402,148.73
4,1,0,11,0.398730298,1672.236663,156.78
4,1,0,12,0.496268303,1705.433925,164.83
4,1,1,0,-0.363427931,1431.742143,74.97
4,1,1,1,-0.265889926,1464.939405,83.02
4,1,1,2,-0.168351922,1498.136666,91.07
4,1,1,3,-0.070813917,1531.333928,99.12
4,1,1,4,0.026724087,1564.531189,107.17
4,1,1,5,0.124262092,1597.728451,115.22
4,1,1,6,0.221800096,1630.925712,123.27
4,1,1,7,0.319338101,1664.122974,131.32
4,1,1,8,0.416876106,1697.320235,139.37
4,1,2,0,-0.05266811,1556.417499,81.71
4,1,2,1,0.044869895,1589.614761,89.76
4,1,2,2,0.142407899,1622.812022,97.81
4,1,2,3,0.239945904,1656.009284,105.86
4,1,2,4,0.337483908,1689.206545,113.91
4,1,2,5,0.435021913,1722.403807,121.96
4,1,3,0,0.258091711,1681.092855,88.45
4,1,3,1,0.355629715,1714.290116,96.5
4,1,3,2,0.45316772,1747.487378,104.55
4,2,0,0,-0.27144503,1462.35024,83.26
4,2,0,1,-0.173907025,1495.547502,91.31
4,2,0,2,-0.076369021,1528.744763,99.36
4,2,0,3,0.021168984,1561.942025,107.41
4,2,0,4,0.118706988,1595.139286,115.46
4,2,0,5,0.216244993,1628.336548,123.51
4,2,0,6,0.313782997,1661.533809,131.56
4,2,0,7,0.411321002,1694.731071,139.61
4,2,1,0,0.039314791,1587.025596,90
4,2,1,1,0.136852795,1620.222858,98.05
4,2,1,2,0.2343908,1653.420119,106.1
4,2,1,3,0.331928804,1686.617381,114.15
4,2,1,4,0.429466809,1719.814642,122.2
4,2,2,0,0.350074611,1711.700952,96.74
4,2,2,1,0.447612616,1744.898213,104.79
4,3,0,0,0.131297692,1617.633693,98.29
4,3,0,1,0.228835696,1650.830955,106.34
4,3,0,2,0.326373701,1684.028216,114.39
4,3,0,3,0.423911705,1717.225478,122.44
4,3,1,0,0.442057512,1742.309049,105.03
5,0,0,0,-0.36457003,1439.729168,66.5
5,0,0,1,-0.267032025,1472.926429,74.55
5,0,0,2,-0.169494021,1506.123691,82.6
5,0,0,3,-0.071956016,1539.320952,90.65
5,0,0,4,0.025581988,1572.518214,98.7
5,0,0,5,0.123119993,1605.715475,106.75
5,0,0,6,0.220657997,1638.912737,114.8
5,0,0,7,0.318196002,1672.109998,122.85
5,0,0,8,0.415734006,1705.307259,130.9
5,0,1,0,-0.053810209,1564.404524,73.24
5,0,1,1,0.043727795,1597.601785,81.29
5,0,1,2,0.1412658,1630.799047,89.34
5,0,1,3,0.238803804,1663.996308,97.39
5,0,1,4,0.336341809,1697.19357,105.44
5,0,1,5,0.433879813,1730.390831,113.49
5,0,2,0,0.256949611,1689.07988,79.98
5,0,2,1,0.354487616,1722.277141,88.03
5,0,2,2,0.452025621,1755.474403,96.08
5,1,0,0,0.038172692,1595.012621,81.53
5,1,0,1,0.135710696,1628.209882,89.58
5,1,0,2,0.233248701,1661.407143,97.63
5,1,0,3,0.330786705,1694.604405,105.68
5,1,0,4,0.42832471,1727.801667,113.73
5,1,1,0,0.348932512,1719.687976,88.27
5,1,1,1,0.446470517,1752.885238,96.32
5,2,0,0,0.440915413,1750.296074,96.56
6,0,0,0,0.347790413,1727.675001,79.8
6,0,0,1,0.445328417,1760.872262,87.85
